"","Duration..in.seconds.","RecordedDate","UserLanguage","Dem_age","Dem_gender","Dem_edu","Dem_edu_mom","Dem_employment","Country","Dem_Expat","Dem_state","Dem_maritalstatus","Dem_dependents","Dem_riskgroup","Dem_islolation","Dem_isolation_adults","Dem_isolation_kids","AD_gain","AD_loss","AD_check","Scale_PSS10_UCLA_1","Scale_PSS10_UCLA_2","Scale_PSS10_UCLA_3","Scale_PSS10_UCLA_4","Scale_PSS10_UCLA_5","Scale_PSS10_UCLA_6","Scale_PSS10_UCLA_7","Scale_PSS10_UCLA_8","Scale_PSS10_UCLA_9","Scale_PSS10_UCLA_10","Scale_SLON_1","Scale_SLON_2","Scale_SLON_3","OECD_people_1","OECD_people_2","OECD_insititutions_1","OECD_insititutions_2","OECD_insititutions_3","OECD_insititutions_4","OECD_insititutions_5","OECD_insititutions_6","Corona_concerns_1","Corona_concerns_2","Corona_concerns_3","Corona_concerns_4","Corona_concerns_5","Trust_countrymeasure","Compliance_1","Compliance_2","Compliance_3","Compliance_4","Compliance_5","Compliance_6","born_92","experience_war","experience_war_TXT","war_injury","loss_during_war","time_spent_in_war","time_spent_in_war_TXT","Scale_UCLA_TRI_1","Scale_UCLA_TRI_2","Scale_UCLA_TRI_3","Scale_UCLA_TRI_4","PS_PTSD_1","PS_PTSD_2","PS_PTSD_3","PS_PTSD_4","PS_PTSD_5","BFF_15_1","BFF_15_2","BFF_15_3","BFF_15_4","BFF_15_5","BFF_15_6","BFF_15_7","BFF_15_8","BFF_15_9","BFF_15_10","BFF_15_11","BFF_15_12","BFF_15_13","BFF_15_14","BFF_15_15","Expl_Distress_1","Expl_Distress_2","Expl_Distress_3","Expl_Distress_4","Expl_Distress_5","Expl_Distress_6","Expl_Distress_7","Expl_Distress_8","Expl_Distress_9","Expl_Distress_10","Expl_Distress_11","Expl_Distress_12","Expl_Distress_13","Expl_Distress_14","Expl_Distress_15","Expl_Distress_16","Expl_Distress_17","Expl_Distress_18","Expl_Distress_19","Expl_Distress_20","Expl_Distress_21","Expl_Distress_22","Expl_Distress_23","Expl_Distress_24","Expl_Distress_txt","SPS_1","SPS_2","SPS_3","SPS_4","SPS_5","SPS_6","SPS_7","SPS_8","SPS_9","SPS_10","Expl_Coping_1","Expl_Coping_2","Expl_Coping_3","Expl_Coping_4","Expl_Coping_5","Expl_Coping_6","Expl_Coping_7","Expl_Coping_8","Expl_Coping_9","Expl_Coping_10","Expl_Coping_11","Expl_Coping_12","Expl_Coping_13","Expl_Coping_14","Expl_Coping_15","Expl_Coping_16","Expl_coping_txt","Expl_media_1","Expl_media_2","Expl_media_3","Expl_media_4","Expl_media_5","Expl_media_6","Final_open","PSS10_avg","SLON3_avg","neu","ext","ope","agr","con","SPS_avg","Scale_UCLA_TRI_avg"
"1",777,2020-06-17 01:01:39,"NL",48,"Female","College degree, bachelor, master",NA,"Full time employed","Netherlands","no","Zuid-Holland","Married/cohabiting",NA,"Yes","Isolated",1,0,"Program A",NA,"No",2,3,3,4,3,2,4,4,3,2,2,3,3,6,8,7,8,7,8,6,6,5,5,3,4,5,4,6,6,6,2,4,4,NA,NA,NA,NA,NA,NA,NA,NA,NA,NA,NA,NA,NA,NA,NA,NA,5,4,4,4,3,3,4,5,5,2,4,4,5,2,5,2,2,99,1,3,5,3,1,99,3,2,5,5,5,3,4,1,2,4,5,2,1,5,2,NA,5,5,4,5,6,5,6,6,4,5,4,3,5,2,3,2,1,1,5,3,5,4,5,4,5,4,NA,4,5,5,2,4,2,"Reguliere ziekenhuiszorg is verminderd: mijn controles iom specialisten afgezegd, OK's niet doorgegaan. Ook zo bij mijn vader. Kan risicovol zijn op de lange duur.",2.4,2.66666666666667,4,3.66666666666667,4.66666666666667,4.33333333333333,5,5.1,NA
"2",952,2020-06-16 23:19:18,"PL",36,"Female","College degree, bachelor, master","Up to 12 years of school","Full time employed","Poland","no","Slaskie","Married/cohabiting",2,"Yes","Life carries on as usual",1,2,NA,"Program D","No",2,1,2,4,4,2,5,4,2,1,1,1,1,6,8,2,3,3,3,1,0,5,5,4,5,4,10,5,4,2,5,4,1,NA,NA,NA,NA,NA,NA,NA,NA,NA,NA,NA,NA,NA,NA,NA,NA,2,4,6,4,4,4,3,4,2,5,5,4,4,2,5,1,2,5,5,1,5,1,99,99,6,5,2,2,2,99,1,1,1,2,1,1,2,6,5,NA,5,5,4,5,6,5,6,6,5,6,2,6,5,4,4,5,2,2,4,4,1,3,4,6,4,4,NA,5,6,4,2,2,3,NA,1.7,1,2.33333333333333,3.66666666666667,3,3.66666666666667,4.66666666666667,5.3,NA
"3",2396,2020-06-16 22:47:36,"EN",45,"Female","College degree, bachelor, master","Up to 12 years of school","Full time employed","Finland","no","North Karelia","Married/cohabiting",2,"Yes","Life carries on with minor changes",1,2,"Program A",NA,"Not sure",2,2,2,5,4,2,5,5,3,1,1,2,3,6,8,8,9,8,8,7,8,3,4,3,4,5,5,5,6,6,2,4,4,NA,NA,NA,NA,NA,NA,NA,NA,NA,NA,NA,NA,NA,NA,NA,NA,3,2,4,5,4,3,5,6,4,2,5,5,5,2,5,3,2,2,4,2,2,99,2,4,5,2,4,4,5,2,2,2,2,2,2,4,2,4,2,NA,6,5,4,6,6,4,6,6,4,5,5,2,5,2,4,5,1,2,5,5,4,5,5,5,1,5,NA,5,5,6,4,4,4,NA,1.7,2,2.66666666666667,4.33333333333333,5,5,5,5.2,NA
"4",1365,2020-06-16 22:02:45,"SME",35,"Female","PhD/Doctorate","Up to 12 years of school","Self-employed","Mexico","no","Estado de Mexico","Married/cohabiting",2,"Yes","Isolated",1,2,"Program A",NA,"No",4,3,4,4,3,3,5,3,3,3,1,1,2,9,9,8,7,7,8,8,9,6,6,6,6,5,6,5,5,3,4,2,4,NA,NA,NA,NA,NA,NA,NA,NA,NA,NA,NA,NA,NA,NA,NA,NA,4,4,3,3,3,5,4,3,3,4,3,5,3,4,5,5,4,6,6,2,3,2,2,4,5,5,6,6,2,5,4,2,1,2,2,4,3,5,2,NA,6,6,6,6,6,6,6,6,6,6,NA,5,5,5,4,3,2,2,5,5,3,3,6,6,5,4,NA,1,1,1,1,1,1,NA,2.9,1.33333333333333,4,2.66666666666667,3.33333333333333,3.66666666666667,3.66666666666667,6,NA
"5",902,2020-06-16 21:11:53,"SME",46,"Female","College degree, bachelor, master","None","Full time employed","Mexico","no","Ciudad de México","Married/cohabiting",3,"Yes","Isolated",1,2,NA,"Program D","No",3,3,4,4,4,3,4,3,4,2,1,3,3,8,8,0,0,0,0,7,0,5,5,5,5,5,0,1,6,6,2,4,5,NA,NA,NA,NA,NA,NA,NA,NA,NA,NA,NA,NA,NA,NA,NA,NA,5,4,5,6,6,2,5,5,4,2,5,6,6,2,6,5,5,5,5,4,3,2,5,6,6,4,5,4,5,4,2,2,5,4,4,4,4,5,2,NA,5,5,5,4,5,5,4,4,4,5,1,3,4,5,4,4,4,3,5,4,3,1,5,4,5,1,NA,1,4,4,4,5,3,NA,2.8,2.33333333333333,3.66666666666667,5.66666666666667,4.66666666666667,5.33333333333333,5.66666666666667,4.6,NA
"6",2221,2020-06-16 11:13:15,"FI",67,"Female","College degree, bachelor, master","Up to 12 years of school","Retired","Finland","no","Uusimaa","Married/cohabiting",0,"Yes","Life carries on with minor changes",1,0,"Program B",NA,"No",2,1,2,4,4,2,3,4,2,1,3,3,3,8,9,8,8,8,8,7,8,5,5,5,5,5,5,5,5,5,2,3,4,NA,NA,NA,NA,NA,NA,NA,NA,NA,NA,NA,NA,NA,NA,NA,NA,3,2,4,4,3,5,4,6,3,3,4,5,5,3,4,2,99,99,99,2,5,1,3,99,5,2,4,4,4,99,3,1,3,2,3,4,1,3,5,"Ahdistaa se että ohjatut harrastukset loppuivat äkisti poikkeusolojen takia.",5,5,5,5,5,5,4,5,4,5,4,4,5,1,4,2,3,2,4,2,3,4,2,3,1,4,"Kirjojen lukeminen ja puutarhanhoito",5,4,3,4,3,4,"Hyvinvointia on lisännyt olemisen rauhoittuminen ja lisääntynyt luonnossa liikkuminen.  Tarpeettomien ostosten tekeminen on jäänyt pois, toivottavasti pysyvästi, eli en koronavirustilanteen aikana ole käynyt shoppailemassa tai vain kiertelemässä kaupoissa 'huvin vuoksi'.",1.9,3,2.66666666666667,3,4.33333333333333,4.33333333333333,4.33333333333333,4.8,NA
"7",608,2020-06-16 01:18:07,"DA",60,"Female","Some College, short continuing education or equivalent","Up to 9 years of school","Full time employed","Denmark","yes","Horsens","Divorced/widowed",0,"Yes","Life carries on with minor changes",NA,NA,NA,"Program D","No",2,3,2,5,3,3,4,4,1,2,1,1,3,10,10,9,10,8,10,9,10,5,5,5,5,6,5,6,6,6,1,3,2,NA,NA,NA,NA,NA,NA,NA,NA,NA,NA,NA,NA,NA,NA,NA,NA,1,1,6,6,6,3,6,6,6,4,6,5,3,3,5,1,4,1,1,1,4,99,99,99,5,3,5,4,4,1,4,1,1,4,4,3,1,5,1,NA,6,6,6,6,6,6,6,6,6,6,5,6,6,6,6,5,1,1,5,6,5,6,4,6,1,6,NA,6,3,2,5,6,5,NA,2.1,1.66666666666667,1,5.33333333333333,6,4.66666666666667,4,6,NA
"8",701,2020-06-16 01:04:31,"FR",26,"Male","College degree, bachelor, master","College degree","Full time employed","France","no","92","Single",0,"Yes","Life carries on with minor changes",4,0,"Program A",NA,"No",2,3,3,4,3,2,5,3,4,1,1,1,1,7,9,3,1,5,7,9,5,1,6,6,5,5,6,6,4,4,2,3,3,NA,NA,NA,NA,NA,NA,NA,NA,NA,NA,NA,NA,NA,NA,NA,NA,2,1,5,3,2,5,2,1,4,4,5,4,1,5,5,3,3,99,1,3,4,1,4,99,4,1,4,5,99,3,2,1,1,1,4,4,1,6,1,NA,6,5,6,6,6,6,6,6,3,6,1,4,4,4,5,1,6,4,1,1,1,1,6,6,1,1,NA,1,1,1,1,1,4,NA,2.4,1,1.66666666666667,2.33333333333333,2.33333333333333,4,2.66666666666667,5.6,NA
"9",1129,2020-06-16 00:23:29,"DA",44,"Female","College degree, bachelor, master","Up to 9 years of school","Full time employed","Denmark","yes","Ringsted","Married/cohabiting",2,"Yes","Life carries on as usual",0,0,NA,"Program D","No",5,4,5,3,3,3,3,3,5,4,4,4,2,8,9,7,8,7,8,8,8,5,5,5,4,5,5,5,5,5,2,4,5,NA,NA,NA,NA,NA,NA,NA,NA,NA,NA,NA,NA,NA,NA,NA,NA,5,4,5,4,4,4,6,5,5,4,5,5,4,4,4,4,5,5,2,4,2,2,4,4,4,4,6,6,5,4,3,99,4,3,5,5,2,2,2,NA,5,5,4,5,5,4,5,5,4,5,5,5,4,4,5,4,2,5,4,4,4,4,2,4,2,4,NA,6,4,5,3,5,4,"Arbejdsvilkår for os som skulle møde op under lockdown. Ledelse der ikke tog situationen alvorlig. Syge kollegaer der blev tvunget til at møde op alligevel",3.8,3.33333333333333,3.66666666666667,3.66666666666667,5.33333333333333,4.33333333333333,3.66666666666667,4.7,NA
"10",231,2020-06-15 23:42:02,"ZH-S",27,"Female","PhD/Doctorate","PhD/Doctorate","Student","China","no","Sichuan","Single",0,"Yes","Life carries on as usual",NA,NA,"Program B",NA,NA,NA,NA,NA,NA,NA,1,NA,NA,NA,NA,NA,NA,3,NA,NA,NA,NA,NA,NA,NA,NA,NA,NA,NA,NA,NA,NA,NA,NA,NA,NA,NA,NA,NA,NA,NA,NA,NA,NA,NA,NA,NA,NA,NA,NA,NA,NA,NA,NA,NA,NA,NA,NA,NA,NA,NA,NA,NA,NA,NA,NA,NA,NA,NA,NA,NA,NA,NA,NA,NA,NA,NA,NA,NA,NA,NA,NA,NA,NA,NA,NA,NA,NA,NA,NA,NA,NA,NA,NA,NA,NA,NA,NA,NA,NA,NA,NA,NA,NA,NA,NA,NA,NA,NA,NA,NA,NA,NA,NA,NA,NA,NA,NA,NA,NA,NA,NA,NA,NA,NA,NA,NA,NA,1,3,NA,NA,NA,NA,NA,NA,NA
"11",1010,2020-06-15 23:33:01,"JA",30,"Female","PhD/Doctorate","College degree","Full time employed","Japan","no","Osaka","Single",0,"Yes","Life carries on with minor changes",0,0,NA,"Program D","No",3,4,3,2,1,3,2,2,3,4,1,3,3,5,6,4,5,6,7,4,5,4,5,4,4,5,4,3,5,4,3,3,4,NA,NA,NA,NA,NA,NA,NA,NA,NA,NA,NA,NA,NA,NA,NA,NA,4,4,2,4,1,2,4,4,2,5,2,2,2,6,2,3,5,99,5,3,3,4,99,99,4,4,6,6,6,4,2,3,2,1,4,4,4,5,1,NA,5,3,3,5,5,3,5,5,3,5,3,3,4,4,4,4,5,5,5,2,3,3,4,4,2,3,NA,4,2,4,4,4,2,NA,3.7,2.33333333333333,4.33333333333333,3.33333333333333,3.33333333333333,2,1.66666666666667,4.2,NA
"12",620,2020-06-16 16:10:28,"IT",49,"Female","College degree, bachelor, master","Up to 12 years of school","Self-employed","Italy","no","Liguria","Married/cohabiting",0,"Yes","Life carries on with minor changes",1,0,"Program B",NA,"No",3,3,3,4,3,3,3,4,5,3,4,2,1,7,7,6,6,6,7,5,6,3,NA,4,NA,3,3,5,5,4,5,4,2,NA,NA,NA,NA,NA,NA,NA,NA,NA,NA,NA,NA,NA,NA,NA,NA,6,5,3,6,6,4,3,5,5,2,4,6,2,4,4,NA,NA,NA,NA,NA,NA,NA,NA,NA,NA,NA,NA,NA,NA,NA,NA,NA,NA,NA,NA,NA,NA,NA,NA,NA,NA,NA,NA,NA,NA,NA,NA,NA,NA,NA,NA,NA,NA,NA,NA,NA,NA,NA,NA,NA,NA,NA,NA,NA,NA,NA,NA,NA,NA,NA,NA,NA,NA,NA,3,2.33333333333333,5,5,4.33333333333333,5,3,NA,NA
"13",1832,2020-06-15 14:10:55,"KO",44,"Male","College degree, bachelor, master","College degree","Full time employed","Canada","yes","Vancouver","Married/cohabiting",5,"No","Life carries on as usual",NA,NA,NA,NA,NA,4,3,3,3,3,3,4,2,5,4,1,2,4,7,7,10,10,10,9,8,8,NA,NA,NA,NA,NA,5,6,6,6,6,6,6,NA,NA,NA,NA,NA,NA,NA,NA,NA,NA,NA,NA,NA,NA,NA,NA,2,2,5,5,5,5,5,5,5,2,5,5,5,2,5,NA,NA,NA,NA,NA,NA,NA,NA,NA,NA,NA,NA,NA,NA,NA,NA,NA,NA,NA,NA,NA,NA,NA,NA,NA,NA,NA,NA,NA,NA,NA,NA,NA,NA,NA,NA,NA,NA,NA,NA,NA,NA,NA,NA,NA,NA,NA,NA,NA,NA,NA,NA,3,2,3,4,3,2,NA,3.4,2.33333333333333,2,4,5,5,5,NA,NA
"14",855,2020-06-16 13:21:19,"SV",46,"Female","College degree, bachelor, master","Up to 6 years of school","Full time employed","Sweden","no","Halmstad","Single",0,"No","Life carries on with minor changes",0,0,NA,"Program C","No",2,4,3,4,4,3,4,3,2,2,2,2,2,5,9,7,7,7,9,7,8,NA,NA,NA,NA,NA,NA,NA,NA,NA,NA,NA,NA,NA,NA,NA,NA,NA,NA,NA,NA,NA,NA,NA,NA,NA,NA,NA,NA,NA,NA,NA,NA,NA,NA,NA,NA,NA,NA,NA,NA,NA,NA,NA,NA,NA,NA,NA,NA,NA,NA,NA,NA,NA,NA,NA,NA,NA,NA,NA,NA,NA,NA,NA,NA,NA,NA,NA,NA,NA,NA,NA,NA,NA,NA,NA,NA,NA,NA,NA,NA,NA,NA,NA,NA,NA,NA,NA,NA,NA,NA,NA,NA,NA,NA,NA,NA,NA,NA,NA,NA,NA,NA,2.5,2,NA,NA,NA,NA,NA,NA,NA
"15",1071,2020-06-16 12:04:53,"SAR",38,"Female","Up to 12 years of school","Up to 6 years of school","Self-employed","Argentina","no","Córdoba","Married/cohabiting",0,"Yes","Life carries on with minor changes",NA,NA,"Program B",NA,"No",2,2,2,5,4,1,4,5,2,2,1,1,1,6,9,3,7,3,7,7,3,2,3,3,4,4,5,5,6,5,2,5,2,NA,NA,NA,NA,NA,NA,NA,NA,NA,NA,NA,NA,NA,NA,NA,NA,5,2,5,6,6,4,5,5,5,1,5,6,5,1,5,2,2,99,4,3,4,5,2,99,4,2,4,2,2,2,2,2,2,2,3,2,99,2,5,NA,NA,NA,NA,NA,NA,NA,NA,NA,NA,NA,NA,NA,NA,NA,NA,NA,NA,NA,NA,NA,NA,NA,NA,NA,NA,NA,NA,NA,NA,NA,NA,NA,NA,NA,1.7,1,3,5,5,5.66666666666667,5.33333333333333,NA,NA
"16",385,2020-06-16 11:21:07,"SME",36,"Male","PhD/Doctorate","Up to 12 years of school","Full time employed","Mexico","yes","Ciudad de México","Married/cohabiting",1,"Yes","Isolated",1,1,"Program B",NA,NA,NA,NA,NA,NA,NA,NA,NA,NA,NA,NA,NA,NA,NA,NA,NA,NA,NA,NA,NA,NA,NA,NA,NA,NA,NA,NA,NA,NA,NA,NA,NA,NA,NA,NA,NA,NA,NA,NA,NA,NA,NA,NA,NA,NA,NA,NA,NA,NA,NA,NA,NA,NA,NA,NA,NA,NA,NA,NA,NA,NA,NA,NA,NA,NA,NA,NA,NA,NA,NA,NA,NA,NA,NA,NA,NA,NA,NA,NA,NA,NA,NA,NA,NA,NA,NA,NA,NA,NA,NA,NA,NA,NA,NA,NA,NA,NA,NA,NA,NA,NA,NA,NA,NA,NA,NA,NA,NA,NA,NA,NA,NA,NA,NA,NA,NA,NA,NA,NA,NA,NA,NA,NA,NA,NA,NA,NA,NA,NA,NA,NA,NA,NA
"17",161,2020-06-16 09:13:22,"ID",24,"Female","College degree, bachelor, master","College degree","Part time employed","Indonesia","no","Jawa barat","Single",0,"Yes","Life carries on with minor changes",0,0,NA,"Program D",NA,NA,NA,NA,NA,NA,NA,NA,NA,NA,NA,NA,NA,NA,NA,NA,NA,NA,NA,NA,NA,NA,NA,NA,NA,NA,NA,NA,NA,NA,NA,NA,NA,NA,NA,NA,NA,NA,NA,NA,NA,NA,NA,NA,NA,NA,NA,NA,NA,NA,NA,NA,NA,NA,NA,NA,NA,NA,NA,NA,NA,NA,NA,NA,NA,NA,NA,NA,NA,NA,NA,NA,NA,NA,NA,NA,NA,NA,NA,NA,NA,NA,NA,NA,NA,NA,NA,NA,NA,NA,NA,NA,NA,NA,NA,NA,NA,NA,NA,NA,NA,NA,NA,NA,NA,NA,NA,NA,NA,NA,NA,NA,NA,NA,NA,NA,NA,NA,NA,NA,NA,NA,NA,NA,NA,NA,NA,NA,NA,NA,NA,NA,NA
"18",208,2020-06-16 07:14:53,"FI",44,"Female","Up to 12 years of school","Up to 12 years of school","Full time employed","Finland","no","Uusimaa","Married/cohabiting",0,"No","Life carries on with minor changes",3,0,"Program A",NA,NA,NA,NA,NA,NA,NA,NA,NA,NA,NA,NA,NA,NA,NA,NA,NA,NA,NA,NA,NA,NA,NA,NA,NA,NA,NA,NA,NA,NA,NA,NA,NA,NA,NA,NA,NA,NA,NA,NA,NA,NA,NA,NA,NA,NA,NA,NA,NA,NA,NA,NA,NA,NA,NA,NA,NA,NA,NA,NA,NA,NA,NA,NA,NA,NA,NA,NA,NA,NA,NA,NA,NA,NA,NA,NA,NA,NA,NA,NA,NA,NA,NA,NA,NA,NA,NA,NA,NA,NA,NA,NA,NA,NA,NA,NA,NA,NA,NA,NA,NA,NA,NA,NA,NA,NA,NA,NA,NA,NA,NA,NA,NA,NA,NA,NA,NA,NA,NA,NA,NA,NA,NA,NA,NA,NA,NA,NA,NA,NA,NA,NA,NA,NA
"19",579,2020-06-15 06:09:02,"BG",23,"Female","Some College, short continuing education or equivalent","College degree","Part time employed","Bulgaria","no","<U+0412><U+0430><U+0440><U+043D><U+0430>","Single",1,"Yes","Life carries on with minor changes",0,0,NA,"Program D","No",3,3,3,3,3,3,3,3,3,3,2,NA,NA,3,4,NA,1,NA,0,NA,NA,5,6,6,5,5,1,NA,NA,NA,NA,NA,NA,NA,NA,NA,NA,NA,NA,NA,NA,NA,NA,NA,NA,NA,NA,NA,NA,NA,NA,NA,NA,5,NA,NA,NA,NA,NA,NA,NA,NA,NA,NA,NA,NA,NA,NA,NA,NA,NA,NA,NA,NA,NA,NA,NA,NA,NA,NA,NA,NA,NA,NA,NA,NA,NA,NA,NA,NA,NA,NA,NA,NA,NA,NA,5,NA,NA,NA,NA,NA,NA,NA,NA,NA,NA,NA,NA,NA,NA,NA,NA,NA,NA,NA,NA,NA,NA,NA,NA,NA,NA,3,2,NA,5,NA,NA,NA,5,NA
"20",9669,2020-06-16 03:53:18,"EN",70,"Female","College degree, bachelor, master","Up to 9 years of school","Self-employed","Australia","no","Victoria","Divorced/widowed",0,"No","Life carries on with minor changes",NA,NA,NA,"Program D","No",1,1,2,5,5,2,5,5,2,1,2,1,1,8,10,8,9,6,9,5,10,4,4,3,5,6,5,5,5,4,1,4,1,NA,NA,NA,NA,NA,NA,NA,NA,NA,NA,NA,NA,NA,NA,NA,NA,2,3,5,4,4,3,4,5,3,1,5,4,5,1,5,4,4,99,99,1,4,99,99,99,6,2,2,1,2,3,1,1,4,4,99,2,1,3,4,NA,4,5,3,6,5,4,3,4,5,5,4,4,5,2,4,2,1,1,1,4,1,4,3,4,1,4,NA,5,4,4,2,2,2,"So many webinars and zoom meetings seem to be eating up my time. Also, I have spoken to friends a lot more - good for me, good for them but again has eaten into my time for work and normal home responsibilities",1.3,1.33333333333333,2.33333333333333,4,4,5,5.33333333333333,4.4,NA
"21",1381,2020-06-14 22:42:59,"ID",42,"Female","PhD/Doctorate","College degree","Part time employed","Indonesia","no","Jawa Timur","Married/cohabiting",3,"Yes","Life carries on with minor changes",0,0,"Program A",NA,"No",2,3,3,4,4,2,4,4,2,2,2,2,1,6,8,4,4,5,2,7,2,3,4,4,6,5,2,3,4,4,2,3,3,NA,NA,NA,NA,NA,NA,NA,NA,NA,NA,NA,NA,NA,NA,NA,NA,4,4,3,5,4,5,4,5,5,3,5,4,5,3,5,3,6,5,3,3,4,5,2,5,5,3,4,5,4,2,2,1,2,2,3,2,2,2,4,NA,5,5,5,6,6,5,4,6,5,5,3,4,4,3,2,5,2,2,2,4,5,4,5,4,5,3,NA,4,5,4,4,3,2,NA,2.2,1.66666666666667,4,3.66666666666667,4.66666666666667,4.33333333333333,4.66666666666667,5.2,NA
"22",1775,2020-06-14 19:09:45,"SME",36,"Female","College degree, bachelor, master","None","Part time employed","Mexico","no","México","Divorced/widowed",1,"Yes","Life carries on with minor changes",NA,NA,"Program A",NA,"Not sure",3,2,2,4,5,2,4,3,2,2,3,2,2,5,5,2,0,3,5,5,3,6,6,6,6,5,1,5,6,6,2,2,2,NA,NA,NA,NA,NA,NA,NA,NA,NA,NA,NA,NA,NA,NA,NA,NA,5,3,6,4,5,5,6,5,5,1,5,6,5,1,6,99,99,5,99,3,99,99,99,99,5,99,5,5,99,99,99,99,99,99,5,5,5,4,99,NA,6,5,5,6,6,6,6,5,5,6,4,5,5,6,4,4,2,2,5,5,5,4,6,5,5,5,NA,4,4,5,4,4,4,"Los costos elevados en productos que ahora son indispensables como los cubrebocas y antibacteriales. La poca consciencia de vecinos irresponsables que no llevan a cabo las medidas precautorias ante esta situación.",2.1,2.33333333333333,3,3.66666666666667,5.33333333333333,5.66666666666667,5.66666666666667,5.6,NA
"23",1753,2020-06-14 18:59:24,"EN",29,"Male","College degree, bachelor, master","PhD/Doctorate","Student","Afghanistan","yes","Q","Single",1,"Yes","Isolated",1,NA,NA,NA,NA,NA,NA,NA,NA,NA,NA,NA,NA,NA,NA,NA,NA,NA,NA,NA,NA,NA,NA,NA,NA,NA,NA,NA,NA,NA,NA,NA,NA,NA,NA,NA,NA,NA,NA,NA,NA,NA,NA,NA,NA,NA,NA,NA,NA,NA,NA,NA,NA,NA,NA,NA,NA,NA,NA,NA,NA,NA,NA,NA,NA,NA,NA,NA,NA,NA,NA,NA,NA,NA,NA,NA,NA,NA,NA,NA,NA,NA,NA,NA,NA,NA,NA,NA,NA,NA,NA,NA,NA,NA,NA,NA,NA,NA,NA,NA,NA,NA,NA,NA,NA,NA,NA,NA,NA,NA,NA,NA,NA,NA,NA,NA,NA,NA,NA,NA,NA,NA,NA,NA,NA,NA,NA,NA,NA,NA,NA,NA,NA,NA,NA,NA,NA
"24",632,2020-06-15 18:11:50,"SV",47,"Female","Up to 12 years of school","College degree","Self-employed","Sweden","no","Åstorp","Married/cohabiting",9,"Yes","Isolated",1,1,NA,"Program D","No",3,4,3,2,2,3,2,2,4,4,3,4,3,4,5,1,1,1,8,7,6,4,5,4,4,4,3,4,4,4,2,2,1,NA,NA,NA,NA,NA,NA,NA,NA,NA,NA,NA,NA,NA,NA,NA,NA,5,5,4,4,4,5,4,3,4,4,4,5,5,5,5,NA,NA,NA,NA,NA,NA,NA,NA,NA,NA,NA,NA,NA,NA,NA,NA,NA,NA,NA,NA,NA,NA,NA,NA,NA,NA,NA,NA,NA,NA,NA,NA,NA,NA,NA,NA,NA,NA,NA,NA,NA,NA,NA,NA,NA,NA,NA,NA,NA,NA,NA,NA,NA,NA,NA,NA,NA,NA,NA,3.7,3.33333333333333,4.33333333333333,3.33333333333333,3.66666666666667,4,4,NA,NA
"25",4764,2020-06-15 18:58:09,"FR",21,"Female","College degree, bachelor, master","Up to 12 years of school","Part time employed","France","no","Centre","Single",0,"Yes","Life carries on with minor changes",2,0,"Program B",NA,"Yes",3,2,3,4,5,2,4,4,1,1,1,1,1,3,7,8,8,8,9,9,10,4,5,4,5,5,4,5,5,5,2,5,4,NA,NA,NA,NA,NA,NA,NA,NA,NA,NA,NA,NA,NA,NA,NA,NA,4,4,4,4,3,5,5,5,5,2,3,6,5,3,6,99,6,99,5,1,2,99,2,99,4,2,6,6,4,4,4,1,2,2,3,2,2,2,2,NA,NA,NA,NA,NA,NA,NA,NA,NA,NA,NA,NA,NA,NA,NA,NA,NA,NA,NA,NA,NA,NA,NA,NA,NA,NA,NA,NA,NA,NA,NA,NA,NA,NA,NA,1.9,1,3.66666666666667,3,5,4.66666666666667,5,NA,NA
"26",783,2020-06-14 17:14:06,"SME",31,"Female","College degree, bachelor, master","Up to 12 years of school","Full time employed","Mexico","no",NA,"Single",0,"Yes","Isolated",3,2,NA,"Program C","No",3,2,4,4,4,2,5,3,5,2,3,3,3,4,7,1,1,1,4,4,1,6,6,6,6,5,2,5,6,6,2,1,2,NA,NA,NA,NA,NA,NA,NA,NA,NA,NA,NA,NA,NA,NA,NA,NA,4,5,5,2,2,6,5,6,5,1,5,6,6,1,6,2,2,99,6,2,2,1,5,2,6,6,6,4,6,2,2,2,2,3,2,2,6,6,2,NA,5,5,5,5,5,5,5,5,5,5,3,6,6,1,5,6,1,6,6,5,6,2,4,6,1,3,NA,5,6,2,5,5,5,NA,2.6,3,3.66666666666667,1.66666666666667,5.33333333333333,5.66666666666667,6,5,NA
"27",241,2020-06-15 03:01:27,"NL",31,NA,"College degree, bachelor, master","College degree","Self-employed","Netherlands","no","Flevoland","Married/cohabiting",3,"No","Life carries on with minor changes",4,2,NA,NA,NA,NA,NA,NA,NA,NA,NA,NA,NA,NA,NA,NA,NA,NA,NA,NA,NA,NA,NA,NA,NA,NA,NA,NA,NA,NA,NA,NA,NA,NA,NA,NA,NA,NA,NA,NA,NA,NA,NA,NA,NA,NA,NA,NA,NA,NA,NA,NA,NA,NA,NA,NA,NA,NA,NA,NA,NA,NA,NA,NA,NA,NA,NA,NA,NA,NA,NA,NA,NA,NA,NA,NA,NA,NA,NA,NA,NA,NA,NA,NA,NA,NA,NA,NA,NA,NA,NA,NA,NA,NA,NA,NA,NA,NA,NA,NA,NA,NA,NA,NA,NA,NA,NA,NA,NA,NA,NA,NA,NA,NA,NA,NA,NA,NA,NA,NA,NA,NA,NA,NA,NA,NA,NA,NA,NA,NA,NA,NA,NA,NA,NA,NA,NA
"28",508,2020-06-15 01:45:57,"FI",35,"Female","None","None","Not employed","Finland","no","Pirkanmaa","Single",0,"Yes","Isolated",2,0,"Program A",NA,"No",5,5,5,1,1,5,5,2,5,5,3,5,5,5,6,8,8,8,8,8,8,6,6,6,5,4,8,6,5,4,2,2,4,NA,NA,NA,NA,NA,NA,NA,NA,NA,NA,NA,NA,NA,NA,NA,NA,6,6,2,5,6,3,5,2,5,5,3,5,3,5,5,2,99,99,6,5,6,4,6,6,6,4,6,6,6,99,99,6,6,5,6,6,1,6,1,NA,NA,NA,NA,NA,NA,NA,NA,NA,NA,NA,NA,NA,NA,NA,NA,NA,NA,NA,NA,NA,NA,NA,NA,NA,NA,NA,NA,NA,NA,NA,NA,NA,NA,NA,4.5,4.33333333333333,5.66666666666667,5,4,3.33333333333333,3.33333333333333,NA,NA
"29",1138,2020-06-13 12:14:04,"SME",36,"Female","PhD/Doctorate","Some College or equivalent","Not employed","Mexico","no","Ciudad de México","Married/cohabiting",1,"Yes","Isolated",5,1,NA,"Program D","No",4,4,5,3,3,3,3,2,5,3,4,2,5,10,8,3,1,1,3,8,3,6,6,6,6,6,0,5,6,5,1,5,2,NA,NA,NA,NA,NA,NA,NA,NA,NA,NA,NA,NA,NA,NA,NA,NA,6,6,4,3,4,5,5,6,5,1,4,5,6,2,6,99,99,6,6,5,4,1,6,6,6,5,6,6,4,99,5,2,6,6,5,2,6,6,3,"Las consecuencias a largo plazo del aislamiento entre los niños",6,6,6,6,6,5,6,6,5,6,2,3,6,2,4,2,2,2,5,4,3,2,6,5,4,4,"Escribir y meditar",1,1,2,5,1,1,"Ha afectado en la economía familiar y en el bienestar emocional de los niños.",3.7,3.66666666666667,5,3,5.33333333333333,5,5.66666666666667,5.8,NA
"30",1129,2020-06-13 11:45:45,"CS",18,"Female","Up to 12 years of school","College degree","Student","Czech Republic","no","Moravskoslezský","Single",0,"Yes","Life carries on with minor changes",0,0,"Program B",NA,"No",4,4,4,3,2,4,3,2,4,3,5,4,4,3,5,0,3,3,3,4,2,2,4,6,4,4,8,5,5,4,4,3,3,NA,NA,NA,NA,NA,NA,NA,NA,NA,NA,NA,NA,NA,NA,NA,NA,5,6,3,4,3,4,5,4,5,4,3,4,5,5,3,5,5,1,5,2,5,1,3,1,4,3,4,6,4,4,4,3,6,4,3,2,2,6,4,NA,5,5,4,4,4,1,5,5,4,4,1,5,6,3,4,3,1,1,5,3,2,2,3,4,1,1,NA,2,2,2,4,3,3,NA,3.7,4.33333333333333,5,3.33333333333333,4.66666666666667,3.33333333333333,3.33333333333333,4.1,NA
"31",304,2020-06-14 10:52:43,"TR",27,"Female","PhD/Doctorate","Up to 6 years of school","Student","Turkey","no","Izmir","Single",0,"Yes","Isolated",3,0,NA,"Program C","No",3,4,4,3,3,4,2,2,3,4,4,4,4,1,5,NA,NA,NA,NA,NA,NA,NA,NA,NA,NA,NA,1,NA,NA,NA,NA,NA,NA,NA,NA,NA,NA,NA,NA,NA,NA,NA,NA,NA,NA,NA,NA,NA,NA,NA,NA,NA,NA,NA,NA,NA,NA,NA,NA,NA,NA,NA,NA,NA,NA,NA,NA,NA,NA,NA,NA,NA,NA,NA,NA,NA,NA,NA,NA,NA,NA,NA,NA,NA,NA,NA,NA,NA,NA,NA,NA,NA,NA,NA,NA,NA,NA,NA,NA,NA,NA,NA,NA,NA,NA,NA,NA,NA,NA,NA,NA,NA,NA,NA,NA,NA,NA,NA,NA,NA,NA,NA,NA,3.6,4,NA,NA,NA,NA,NA,NA,NA
"32",40325,2020-06-14 16:38:56,"EN",25,"Male","College degree, bachelor, master","Up to 12 years of school","Part time employed","Australia","no","Qld","Married/cohabiting",7,"No","Isolated",1,1,"Program A",NA,NA,NA,NA,NA,NA,NA,NA,NA,NA,NA,NA,NA,NA,NA,NA,NA,NA,NA,NA,NA,NA,NA,NA,NA,NA,NA,NA,NA,NA,NA,NA,NA,NA,NA,NA,NA,NA,NA,NA,NA,NA,NA,NA,NA,NA,NA,NA,NA,NA,NA,NA,NA,NA,NA,NA,NA,NA,NA,NA,NA,NA,NA,NA,NA,NA,NA,NA,NA,NA,NA,NA,NA,NA,NA,NA,NA,NA,NA,NA,NA,NA,NA,NA,NA,NA,NA,NA,NA,NA,NA,NA,NA,NA,NA,NA,NA,NA,NA,NA,NA,NA,NA,NA,NA,NA,NA,NA,NA,NA,NA,NA,NA,NA,NA,NA,NA,NA,NA,NA,NA,NA,NA,NA,NA,NA,NA,NA,NA,NA,NA,NA,NA,NA
"33",2013,2020-06-12 13:55:48,"HR",54,"Female","College degree, bachelor, master","Up to 9 years of school","Full time employed","Bosnia and Herzegovina","no","Federacija BiH","Married/cohabiting",2,"Yes","Life carries on with minor changes",NA,NA,NA,"Program D","No",3,2,3,4,4,2,4,4,3,2,3,3,2,7,7,1,2,1,5,5,5,3,5,5,5,5,5,6,5,4,2,3,2,"Yes","Other","health professional","No","Yes","Spent the total period of war in Bosnia and Herzegovina",NA,1,0,1,2,"no","no","no","no","no",2,3,3,5,6,1,5,6,6,1,5,6,4,2,5,99,2,4,99,2,5,2,99,99,6,4,5,5,5,2,2,2,2,5,2,6,4,4,5,"Zbog neodgovornog ponašanje drugih ljudi",6,5,5,6,6,6,6,6,6,6,4,5,5,6,5,6,5,5,3,5,5,5,5,6,3,5,NA,NA,2,5,2,5,5,NA,2.3,2.66666666666667,3,5.66666666666667,5.66666666666667,5.66666666666667,4.66666666666667,5.8,1
"34",875,2020-06-13 12:57:04,"BG",55,"Female","College degree, bachelor, master","Up to 12 years of school","Student","Bulgaria","no","<U+0412><U+0440><U+0430><U+0446><U+0430>","Married/cohabiting",4,"Yes","Isolated",NA,NA,NA,"Program D","No",2,2,3,NA,4,2,4,3,3,3,1,NA,1,NA,NA,NA,NA,NA,NA,NA,NA,NA,NA,NA,NA,NA,NA,NA,NA,NA,NA,NA,NA,NA,NA,NA,NA,NA,NA,NA,NA,NA,NA,NA,NA,NA,NA,NA,NA,NA,NA,NA,NA,NA,NA,NA,NA,NA,NA,NA,NA,NA,NA,NA,NA,NA,NA,NA,NA,NA,NA,NA,NA,NA,NA,NA,NA,NA,NA,NA,NA,NA,NA,NA,NA,NA,NA,NA,NA,NA,NA,NA,NA,NA,NA,NA,NA,NA,NA,NA,NA,NA,NA,NA,NA,NA,NA,NA,NA,NA,NA,NA,NA,NA,NA,NA,NA,NA,NA,NA,NA,NA,NA,2.44444444444444,1,NA,NA,NA,NA,NA,NA,NA
"35",1403,2020-06-12 12:47:29,"SME",63,"Female","PhD/Doctorate","College degree","Full time employed","Mexico","no","Ciudad de Mexico","Married/cohabiting",1,"Yes","Isolated",1,0,"Program A",NA,"No",3,2,2,4,4,2,4,4,2,2,1,2,3,9,9,4,4,4,4,8,4,5,5,5,5,5,0,5,5,5,2,1,2,NA,NA,NA,NA,NA,NA,NA,NA,NA,NA,NA,NA,NA,NA,NA,NA,3,2,5,3,2,5,3,5,3,2,5,5,5,1,5,5,5,99,5,3,5,5,2,99,5,5,5,5,5,5,5,5,99,5,5,2,5,5,5,NA,5,5,5,5,5,5,5,5,5,5,2,2,5,2,5,5,2,1,5,5,5,2,5,5,5,2,NA,2,5,5,5,2,5,NA,2.1,2,2.33333333333333,2.33333333333333,3.66666666666667,5,5.33333333333333,5,NA
"36",352,2020-06-13 11:16:44,"SME",75,"Male",NA,NA,"Retired","Mexico","no","Ver.","Married/cohabiting",NA,"No",NA,NA,1,NA,NA,NA,1,5,1,5,5,1,5,4,1,1,1,1,1,1,NA,NA,NA,NA,NA,9,NA,NA,NA,NA,NA,NA,NA,NA,NA,NA,NA,NA,NA,NA,NA,NA,NA,NA,NA,NA,NA,NA,NA,NA,NA,NA,NA,NA,NA,NA,NA,NA,NA,NA,NA,NA,NA,NA,NA,NA,NA,NA,NA,NA,NA,NA,NA,NA,NA,NA,NA,NA,NA,NA,NA,NA,NA,NA,NA,NA,NA,NA,NA,NA,NA,NA,NA,NA,NA,NA,NA,NA,NA,NA,NA,NA,NA,NA,NA,NA,NA,NA,NA,NA,NA,NA,NA,NA,NA,NA,NA,NA,NA,NA,NA,NA,NA,NA,NA,NA,NA,NA,NA,1.5,1,NA,NA,NA,NA,NA,NA,NA
"37",1209,2020-06-13 11:16:35,"FR",28,"Female","College degree, bachelor, master","Some College or equivalent","Full time employed","Switzerland","yes","Genève","Single",0,"No","Life carries on with minor changes",1,0,"Program A",NA,"No",2,1,2,3,5,1,4,3,2,1,1,2,1,5,7,9,9,9,8,9,8,4,6,5,5,5,5,6,6,6,4,5,2,NA,NA,NA,NA,NA,NA,NA,NA,NA,NA,NA,NA,NA,NA,NA,NA,2,4,4,6,4,2,6,6,4,2,4,4,4,3,3,4,2,99,1,1,6,1,1,99,4,2,2,2,4,1,1,2,4,4,2,2,1,6,6,"Inquiète de : Ne plus avoir d’événement sportif collectif (marathon, triathlon, spectacle de danse...)",6,6,6,6,6,4,6,6,4,6,3,1,6,1,6,6,1,1,1,4,2,4,1,6,1,4,NA,6,3,3,4,5,3,"Je n'ai pas travaillé (hôtellerie normalement) donc j'ai consacré beaucoup de temps à me former et à apprendre dans le domaine du marketing digital. J'ai suivi une formation en ligne. J'ai ADORÉ la période de semi-confinement en Suisse. J'ai fait beaucoup de sport en ligne (youtube, facebook, instagram, zoom...). Tout ça a participé à mon bien-être général.",1.8,1.33333333333333,3,5,5.33333333333333,4.33333333333333,3.66666666666667,5.6,NA
"38",1099,2020-06-12 10:34:15,"AR",24,"Female","College degree, bachelor, master","College degree","Student","Israel","no",NA,"Other or would rather not say",0,"No","Life carries on as usual",0,0,NA,"Program D","No",2,1,1,5,4,1,4,4,2,1,2,1,3,3,9,0,0,0,4,8,5,5,5,5,5,5,5,6,6,6,6,6,6,NA,NA,NA,NA,NA,NA,NA,NA,NA,NA,NA,NA,NA,NA,NA,NA,3,3,4,3,5,3,5,6,5,2,5,6,5,2,6,5,4,99,2,5,5,5,99,99,6,5,6,6,6,6,5,3,3,5,5,6,6,6,6,NA,6,6,5,6,6,6,6,6,6,6,5,5,6,5,5,5,1,1,6,6,5,5,5,5,4,5,NA,6,6,6,6,6,3,NA,1.5,2,3,4,5.33333333333333,5.33333333333333,5.33333333333333,5.9,NA
"39",959,2020-06-12 07:14:04,"BG",26,"Female","College degree, bachelor, master","College degree","Student",NA,"no","<U+0421><U+043E><U+0444><U+0438><U+044F>","Single",0,"Yes","Life carries on as usual",1,0,NA,"Program D","No",3,3,3,5,3,3,3,3,3,3,5,1,1,5,5,0,0,0,1,1,2,4,4,4,4,4,3,5,5,5,5,4,1,NA,NA,NA,NA,NA,NA,NA,NA,NA,NA,NA,NA,NA,NA,NA,NA,4,3,5,5,5,4,5,5,5,4,5,4,4,2,6,2,5,5,5,5,5,1,2,5,4,5,5,5,5,1,5,4,4,5,5,4,2,5,5,NA,4,5,5,5,5,5,4,5,5,4,5,NA,5,5,2,5,1,5,5,4,3,2,5,5,1,2,NA,NA,NA,NA,NA,NA,NA,NA,2.8,2.33333333333333,3,4.33333333333333,5,4,5,4.7,NA
"40",1384,2020-06-12 07:13:24,"HR",51,"Male","College degree, bachelor, master","Up to 6 years of school","Full time employed","Croatia","no","Zagreb","Single",0,"Yes","Life carries on with minor changes",NA,NA,"Program A",NA,"No",2,1,3,5,4,2,2,4,3,1,2,1,1,9,9,4,8,6,9,7,9,2,2,2,2,4,5,6,5,5,2,4,2,NA,NA,NA,NA,NA,NA,NA,NA,NA,NA,NA,NA,NA,NA,NA,NA,3,2,6,4,5,4,6,6,6,4,5,5,5,2,5,4,1,5,4,1,4,1,1,1,5,1,2,2,2,4,5,1,1,3,2,1,1,3,5,NA,5,6,5,1,5,6,5,5,6,5,5,5,5,5,5,4,4,4,5,6,5,6,5,5,1,6,NA,5,5,5,4,5,5,NA,2.1,1.33333333333333,2,4,6,4.33333333333333,5,4.9,NA
"41",1418,2020-06-12 06:54:27,"SV",79,"Male","Some College, short continuing education or equivalent","Some College or equivalent","Retired","Sweden","no","Södermanland","Married/cohabiting",0,"Yes","Isolated",1,0,"Program B",NA,"No",4,4,4,2,2,3,2,2,3,3,2,4,3,8,9,6,6,6,8,6,5,4,5,2,NA,NA,6,NA,4,5,4,5,2,NA,NA,NA,NA,NA,NA,NA,NA,NA,NA,NA,NA,NA,NA,NA,NA,2,2,4,6,5,1,5,5,5,5,4,5,5,1,5,4,2,3,2,2,3,2,5,2,2,5,3,4,2,5,1,2,5,2,5,3,2,3,5,"Min hustru har insjuknat i cancer under denna period, vilket påverkar mig till stor del.",6,5,5,4,4,5,5,6,4,5,3,2,5,2,5,2,1,1,5,5,2,4,2,6,4,3,NA,2,4,4,4,4,4,NA,3.7,3,2.33333333333333,5.66666666666667,5,3.66666666666667,5.33333333333333,4.9,NA
"42",970,2020-06-12 06:01:53,"SME",29,"Male","College degree, bachelor, master","Up to 9 years of school","Not employed","Mexico","no","Guerrero","Single",0,"Yes","Isolated",3,0,"Program B",NA,"No",4,4,3,3,2,3,3,2,3,3,4,4,4,6,6,5,3,4,2,5,3,6,6,6,6,5,4,6,6,5,4,2,2,NA,NA,NA,NA,NA,NA,NA,NA,NA,NA,NA,NA,NA,NA,NA,NA,6,6,4,4,4,4,4,4,4,2,4,4,5,5,3,99,1,99,6,1,5,1,3,99,6,5,6,6,5,2,1,4,5,5,2,6,1,4,99,NA,4,4,4,4,5,1,5,1,1,4,2,2,1,2,1,4,1,1,6,2,1,4,1,4,1,2,NA,4,2,4,2,2,5,NA,3.4,4,5,3.66666666666667,4,4.33333333333333,3.33333333333333,3.3,NA
"43",2880,2020-06-13 06:30:17,"SV",79,"Male","Some College, short continuing education or equivalent","Up to 9 years of school","Retired","Sweden","no","Södermanland","Married/cohabiting",0,"Yes","Isolated",1,0,NA,"Program D","No",3,4,3,4,3,3,3,4,4,3,2,3,3,4,8,3,5,4,6,6,3,4,NA,2,2,2,5,5,5,5,5,5,1,NA,NA,NA,NA,NA,NA,NA,NA,NA,NA,NA,NA,NA,NA,NA,NA,4,3,5,6,5,2,4,5,5,1,4,3,5,1,5,NA,NA,NA,NA,NA,NA,NA,NA,NA,NA,NA,NA,NA,NA,NA,NA,NA,NA,NA,NA,NA,NA,NA,NA,NA,NA,NA,NA,NA,NA,NA,NA,NA,NA,NA,NA,NA,NA,NA,NA,NA,NA,NA,NA,NA,NA,NA,NA,NA,NA,NA,NA,NA,NA,NA,NA,NA,NA,NA,3,2.66666666666667,3,5.33333333333333,4.66666666666667,4.33333333333333,5.33333333333333,NA,NA
"44",116,2020-06-13 04:53:45,"EN",33,"Male","College degree, bachelor, master","College degree","Full time employed","Bosnia and Herzegovina","no",NA,"Other or would rather not say",2,"Yes","Life carries on with minor changes",3,0,NA,NA,NA,NA,NA,NA,NA,NA,NA,NA,NA,NA,NA,NA,NA,NA,NA,NA,NA,NA,NA,NA,NA,NA,NA,NA,NA,NA,NA,NA,NA,NA,NA,NA,NA,NA,NA,NA,NA,NA,NA,NA,NA,NA,NA,NA,NA,NA,NA,NA,NA,NA,NA,NA,NA,NA,NA,NA,NA,NA,NA,NA,NA,NA,NA,NA,NA,NA,NA,NA,NA,NA,NA,NA,NA,NA,NA,NA,NA,NA,NA,NA,NA,NA,NA,NA,NA,NA,NA,NA,NA,NA,NA,NA,NA,NA,NA,NA,NA,NA,NA,NA,NA,NA,NA,NA,NA,NA,NA,NA,NA,NA,NA,NA,NA,NA,NA,NA,NA,NA,NA,NA,NA,NA,NA,NA,NA,NA,NA,NA,NA,NA,NA,NA,NA
"45",216,2020-06-13 03:10:37,"SME",41,"Female","College degree, bachelor, master","PhD/Doctorate","Full time employed","Mexico","yes","Alemania","Married/cohabiting",2,"Yes","Life carries on with minor changes",1,2,NA,NA,NA,NA,NA,NA,NA,NA,NA,NA,NA,NA,NA,NA,NA,NA,NA,NA,NA,NA,NA,NA,NA,NA,NA,NA,NA,NA,NA,NA,NA,NA,NA,NA,NA,NA,NA,NA,NA,NA,NA,NA,NA,NA,NA,NA,NA,NA,NA,NA,NA,NA,NA,NA,NA,NA,NA,NA,NA,NA,NA,NA,NA,NA,NA,NA,NA,NA,NA,NA,NA,NA,NA,NA,NA,NA,NA,NA,NA,NA,NA,NA,NA,NA,NA,NA,NA,NA,NA,NA,NA,NA,NA,NA,NA,NA,NA,NA,NA,NA,NA,NA,NA,NA,NA,NA,NA,NA,NA,NA,NA,NA,NA,NA,NA,NA,NA,NA,NA,NA,NA,NA,NA,NA,NA,NA,NA,NA,NA,NA,NA,NA,NA,NA,NA
"46",632,2020-06-13 02:41:43,"FR",39,"Male","College degree, bachelor, master","Up to 12 years of school","Self-employed","France","no","Ile de France","Single",0,"No","Life carries on with minor changes",NA,NA,NA,"Program C","Not sure",2,4,3,3,3,1,3,3,3,1,3,1,2,7,9,1,1,7,7,7,6,3,5,4,5,5,4,4,5,5,5,4,4,NA,NA,NA,NA,NA,NA,NA,NA,NA,NA,NA,NA,NA,NA,NA,NA,4,3,5,4,2,4,4,5,3,2,5,5,2,5,5,NA,NA,NA,NA,NA,NA,NA,NA,NA,NA,NA,NA,NA,NA,NA,NA,NA,NA,NA,NA,NA,NA,NA,NA,NA,NA,NA,NA,NA,NA,NA,NA,NA,NA,NA,NA,NA,NA,NA,NA,NA,NA,NA,NA,NA,NA,NA,NA,NA,NA,NA,NA,NA,NA,NA,NA,NA,NA,NA,2.6,2,3,3,4,5,3,NA,NA
"47",876,2020-06-11 22:13:29,"SME",28,"Female","College degree, bachelor, master","College degree","Self-employed","Mexico","no","CDMx","Single",0,"Yes","Isolated",2,0,NA,"Program D","No",2,1,2,5,5,2,5,5,1,1,1,1,1,7,6,NA,3,NA,NA,6,NA,4,4,4,6,5,1,6,6,6,2,2,6,NA,NA,NA,NA,NA,NA,NA,NA,NA,NA,NA,NA,NA,NA,NA,NA,2,2,6,4,4,3,6,6,6,2,6,5,6,1,6,4,1,1,1,1,2,1,2,2,6,4,3,2,5,2,1,1,1,6,1,1,2,4,6,NA,6,6,6,6,6,6,NA,6,6,6,1,4,5,1,4,3,1,1,4,6,1,1,6,6,1,4,NA,6,6,6,2,6,1,NA,1.3,1,1.66666666666667,4,6,5.33333333333333,6,6,NA
"48",1835,2020-06-11 21:15:39,"SME",62,"Male","College degree, bachelor, master","College degree","Self-employed","United States","yes","Ohio","Married/cohabiting",0,"Yes","Isolated",1,0,NA,NA,NA,2,3,2,4,4,3,4,2,4,2,2,2,4,4,6,2,2,2,2,4,1,6,6,5,4,5,0,6,6,6,2,1,4,NA,NA,NA,NA,NA,NA,NA,NA,NA,NA,NA,NA,NA,NA,NA,NA,5,3,5,5,5,5,5,6,5,4,4,4,6,4,6,4,4,99,4,2,2,99,2,99,4,4,5,5,4,2,2,1,2,99,4,3,2,2,3,NA,6,5,3,6,6,6,6,6,5,6,5,4,5,2,5,5,1,1,5,4,4,5,4,4,4,5,NA,5,5,5,5,5,5,NA,2.6,2.66666666666667,3.33333333333333,4,5.33333333333333,3.66666666666667,5,5.5,NA
"49",2018,2020-06-11 20:53:00,"SME",62,"Male","College degree, bachelor, master","Up to 12 years of school","Self-employed","Mexico","no","Ciudad de México","Married/cohabiting",2,"Yes","Isolated",2,0,NA,"Program D","No",3,2,2,5,4,3,5,3,3,1,2,1,3,8,10,1,5,1,5,7,1,5,5,5,5,5,0,5,5,5,2,4,4,NA,NA,NA,NA,NA,NA,NA,NA,NA,NA,NA,NA,NA,NA,NA,NA,4,2,5,2,2,4,4,5,4,2,4,4,5,2,4,2,2,2,4,2,4,2,2,1,4,2,4,4,4,2,2,2,2,2,2,2,2,4,2,NA,5,5,5,5,5,5,5,5,5,5,2,2,5,2,5,4,2,2,5,2,2,2,5,2,2,2,NA,2,5,5,2,5,2,NA,2.1,2,2.66666666666667,2.33333333333333,4.33333333333333,4.33333333333333,4.66666666666667,5,NA
"50",899,2020-06-11 18:43:51,"SME",38,"Female","PhD/Doctorate","Up to 12 years of school","Full time employed","Mexico","yes","Cdmx","Married/cohabiting",2,"Yes","Isolated",2,2,"Program A",NA,"No",3,2,4,2,3,3,4,3,4,3,4,2,4,7,8,3,2,2,2,6,3,4,5,4,5,3,0,4,5,6,4,4,4,NA,NA,NA,NA,NA,NA,NA,NA,NA,NA,NA,NA,NA,NA,NA,NA,4,4,4,5,5,4,5,4,4,2,4,5,6,2,5,3,5,5,4,3,5,4,5,6,6,4,4,4,4,4,6,4,5,5,5,3,3,6,4,NA,5,4,4,4,4,5,4,4,4,4,2,2,3,4,4,3,2,2,4,5,3,2,4,4,4,2,NA,4,2,4,3,2,3,NA,3.1,3.33333333333333,3.66666666666667,4.33333333333333,4.33333333333333,4.66666666666667,5.33333333333333,4.2,NA
"51",568,2020-06-11 14:41:31,"EN",41,"Female","PhD/Doctorate","College degree","Full time employed","Bosnia and Herzegovina","no",NA,"Married/cohabiting",3,"Yes","Life carries on with minor changes",3,2,NA,"Program C","Not sure",3,1,3,4,3,2,5,3,3,4,1,1,3,6,6,6,5,2,5,8,5,4,3,3,5,3,7,5,4,4,6,4,4,"Yes","Yes, as a civilian",NA,"No","Yes","Spent the total period of war in Bosnia and Herzegovina",NA,4,3,3,3,"no","yes","yes","yes","yes",4,4,4,5,2,3,5,5,3,2,5,3,5,5,5,NA,NA,NA,NA,NA,NA,NA,NA,NA,NA,NA,NA,NA,NA,NA,NA,NA,NA,NA,NA,NA,NA,NA,NA,NA,5,6,5,5,5,5,5,5,5,5,5,NA,NA,NA,NA,NA,NA,NA,NA,NA,NA,NA,NA,NA,NA,5,NA,NA,NA,NA,NA,NA,NA,NA,2.5,1.66666666666667,3.66666666666667,3.66666666666667,4.33333333333333,4.33333333333333,4,5.1,3.25
"52",1448,2020-06-11 12:45:33,"IT",62,"Male","Up to 12 years of school","Up to 12 years of school","Self-employed","Italy","no","Lombardia","Married/cohabiting",0,"Yes","Life carries on with minor changes",NA,NA,NA,"Program D","No",2,2,3,3,3,4,4,5,3,2,NA,2,3,8,8,0,5,5,5,5,5,2,2,2,2,4,7,5,5,2,2,5,1,NA,NA,NA,NA,NA,NA,NA,NA,NA,NA,NA,NA,NA,NA,NA,NA,2,6,6,4,4,5,4,6,6,1,5,5,2,5,4,1,1,99,1,1,2,99,99,99,6,5,2,2,4,99,99,1,1,1,1,2,2,2,1,NA,6,5,2,6,5,5,5,6,6,3,2,5,5,5,5,4,1,1,4,5,2,1,5,6,6,4,NA,5,5,2,2,5,2,NA,2.5,2.5,3,3.33333333333333,5.33333333333333,5.33333333333333,2.66666666666667,4.9,NA
"53",11285,2020-06-11 13:59:52,"SME",36,"Female","College degree, bachelor, master","Up to 6 years of school","Full time employed","Mexico","no","Ciudad de México","Married/cohabiting",1,"Yes","Isolated",5,1,"Program B",NA,"No",1,2,3,4,4,4,3,3,3,3,1,1,2,6,9,4,7,6,8,8,7,4,5,3,5,4,7,6,5,5,1,5,1,NA,NA,NA,NA,NA,NA,NA,NA,NA,NA,NA,NA,NA,NA,NA,NA,5,5,6,4,3,5,4,5,5,2,3,5,4,2,5,3,5,4,6,1,1,1,4,1,5,4,5,6,3,4,1,4,1,1,1,4,4,4,1,"La delincuencia",NA,6,6,6,6,6,5,6,6,6,4,5,5,5,5,5,1,1,5,5,2,4,5,5,5,5,NA,1,1,1,2,1,1,"La delincuencia",2.6,1.33333333333333,3.66666666666667,3,4.66666666666667,4.33333333333333,4.66666666666667,5.88888888888889,NA
"54",235,2020-06-12 07:44:06,"EN",22,"Female","PhD/Doctorate","College degree","Student","United Kingdom","yes",NA,"Single",0,"No","Isolated",0,0,NA,"Program C","Not sure",4,4,5,4,1,5,4,4,2,2,2,3,4,NA,NA,NA,NA,NA,NA,NA,NA,NA,NA,NA,NA,NA,NA,NA,NA,NA,NA,NA,NA,NA,NA,NA,NA,NA,NA,NA,NA,NA,NA,NA,NA,NA,NA,NA,NA,NA,NA,NA,NA,NA,NA,NA,NA,NA,NA,NA,NA,NA,NA,NA,NA,NA,NA,NA,NA,NA,NA,NA,NA,NA,NA,NA,NA,NA,NA,NA,NA,NA,NA,NA,NA,NA,NA,NA,NA,NA,NA,NA,NA,NA,NA,NA,NA,NA,NA,NA,NA,NA,NA,NA,NA,NA,NA,NA,NA,NA,NA,NA,NA,NA,NA,NA,NA,NA,NA,NA,NA,NA,NA,3.3,3,NA,NA,NA,NA,NA,NA,NA
"55",120,2020-06-12 02:15:40,"BG",27,"Female","Some College, short continuing education or equivalent","College degree","Student","Bulgaria","no","gabrovo","Other or would rather not say",0,"Yes","Life carries on with minor changes",1,0,NA,"Program D",NA,NA,NA,NA,NA,NA,NA,NA,NA,NA,NA,NA,NA,NA,NA,NA,NA,NA,NA,NA,NA,NA,NA,NA,NA,NA,NA,NA,NA,NA,NA,NA,NA,NA,NA,NA,NA,NA,NA,NA,NA,NA,NA,NA,NA,NA,NA,NA,NA,NA,NA,NA,NA,NA,NA,NA,NA,NA,NA,NA,NA,NA,NA,NA,NA,NA,NA,NA,NA,NA,NA,NA,NA,NA,NA,NA,NA,NA,NA,NA,NA,NA,NA,NA,NA,NA,NA,NA,NA,NA,NA,NA,NA,NA,NA,NA,NA,NA,NA,NA,NA,NA,NA,NA,NA,NA,NA,NA,NA,NA,NA,NA,NA,NA,NA,NA,NA,NA,NA,NA,NA,NA,NA,NA,NA,NA,NA,NA,NA,NA,NA,NA,NA
"56",885,2020-06-12 01:03:34,"BG",43,"Female","College degree, bachelor, master","College degree","Student","Austria","yes","Wien","Married/cohabiting",2,"Yes","Life carries on with minor changes",4,2,"Program A",NA,"No",2,2,2,4,4,2,3,4,3,2,2,2,2,6,9,9,9,9,10,5,10,3,4,2,3,4,7,5,6,3,2,5,4,NA,NA,NA,NA,NA,NA,NA,NA,NA,NA,NA,NA,NA,NA,NA,NA,2,5,5,6,5,1,6,5,6,3,5,2,4,4,5,2,2,2,2,4,2,2,2,2,3,4,5,2,2,2,4,2,1,2,3,2,2,2,4,NA,4,2,3,5,5,5,2,5,5,2,5,5,4,5,5,5,1,1,2,2,2,5,4,1,1,5,NA,6,4,5,5,5,4,NA,2.2,2,3,5.66666666666667,5.66666666666667,3.66666666666667,4,3.8,NA
"57",7386,2020-06-12 02:46:41,"DA",25,"Female",NA,NA,NA,NA,NA,NA,NA,NA,NA,NA,NA,NA,NA,NA,NA,NA,NA,NA,NA,NA,NA,NA,NA,NA,NA,NA,NA,NA,NA,NA,NA,NA,NA,NA,NA,0,NA,NA,NA,NA,NA,NA,NA,NA,NA,NA,NA,NA,NA,NA,NA,NA,NA,NA,NA,NA,NA,NA,NA,NA,NA,NA,NA,NA,NA,NA,NA,NA,NA,NA,NA,NA,NA,NA,NA,NA,NA,NA,NA,NA,NA,NA,NA,NA,NA,NA,NA,NA,NA,NA,NA,NA,NA,NA,NA,NA,NA,NA,NA,NA,NA,NA,NA,NA,NA,NA,NA,NA,NA,NA,NA,NA,NA,NA,NA,NA,NA,NA,NA,NA,NA,NA,NA,NA,NA,NA,NA,NA,NA,NA,NA,NA,NA,NA,NA,NA,NA,NA,NA,NA,NA,NA,NA,NA,NA,NA,NA
"58",650,2020-06-11 22:05:23,"SME",23,"Female","College degree, bachelor, master","Some College or equivalent","Not employed","Mexico","no","Yucatán","Single",0,"Yes","Life carries on with minor changes",2,0,"Program A",NA,"Not sure",4,4,4,4,4,3,4,3,4,3,4,2,3,7,7,5,5,6,3,4,6,5,6,5,6,5,5,5,6,6,4,5,4,NA,NA,NA,NA,NA,NA,NA,NA,NA,NA,NA,NA,NA,NA,NA,NA,4,4,6,4,4,4,6,5,6,3,4,6,5,4,5,6,99,NA,6,4,4,99,4,99,6,6,5,5,5,99,5,1,3,4,5,4,3,5,6,NA,NA,NA,NA,NA,NA,NA,NA,NA,NA,NA,NA,NA,NA,NA,NA,NA,NA,NA,NA,NA,NA,NA,NA,NA,NA,NA,NA,NA,NA,NA,NA,NA,NA,NA,3.1,3,3,3.66666666666667,5.66666666666667,4.66666666666667,4.33333333333333,NA,NA
"59",1745,2020-06-10 21:52:05,"LT",57,"Female","Some College, short continuing education or equivalent","Some College or equivalent","Self-employed","Lithuania","no","Šiauliu","Married/cohabiting",1,"Yes","Life carries on with minor changes",2,0,NA,"Program C","No",3,2,2,4,3,4,2,4,3,2,3,1,3,9,10,7,8,10,8,7,7,5,4,4,4,5,9,5,6,6,2,6,5,NA,NA,NA,NA,NA,NA,NA,NA,NA,NA,NA,NA,NA,NA,NA,NA,2,2,6,5,5,5,6,6,6,5,5,6,6,3,5,4,3,99,6,5,6,6,5,99,6,6,6,6,5,5,5,1,6,NA,2,6,2,6,5,NA,5,5,6,6,6,6,6,5,5,6,5,6,5,5,5,5,1,1,2,6,5,5,5,5,4,3,NA,5,5,5,4,5,6,"Gyvenimas nestovi vietoje ir šie pokyciai - kraupus. Manau reikia saugoti save ir aplinkinius ir viskas bus gerai.",2.7,2.33333333333333,1.66666666666667,4,6,4.33333333333333,5,5.6,NA
"60",1201,2020-06-10 19:02:03,"JA",61,"Female","PhD/Doctorate","Up to 12 years of school","Full time employed","Japan","no",NA,"Other or would rather not say",NA,"No","Life carries on as usual",0,0,NA,NA,NA,3,3,3,2,2,3,2,3,3,3,2,2,3,7,8,5,8,NA,NA,NA,NA,4,4,4,5,5,4,4,5,5,3,4,3,NA,NA,NA,NA,NA,NA,NA,NA,NA,NA,NA,NA,NA,NA,NA,NA,4,4,3,4,3,4,4,4,4,3,3,4,4,4,4,3,4,99,5,4,4,1,3,3,5,3,4,4,4,3,3,2,4,4,4,6,6,4,5,NA,4,4,4,4,4,4,4,4,4,4,3,5,4,4,4,4,3,4,2,4,2,3,5,4,1,4,NA,3,3,3,3,4,3,NA,3.3,2.33333333333333,4,3.33333333333333,4,3.66666666666667,3.66666666666667,4,NA
"61",2122,2020-06-10 15:57:03,"DA",69,"Male","Up to 9 years of school","Some College or equivalent","Retired","Denmark","yes","stevns","Single",0,"Not sure","Life carries on with minor changes",NA,NA,NA,"Program D","Not sure",2,2,2,5,4,3,4,4,2,1,2,1,1,9,10,9,9,9,9,7,10,2,2,2,2,3,5,6,5,5,3,5,1,NA,NA,NA,NA,NA,NA,NA,NA,NA,NA,NA,NA,NA,NA,NA,NA,2,1,5,4,5,4,5,3,4,5,5,5,4,5,4,2,99,99,99,1,3,99,1,99,5,1,4,4,1,99,99,99,2,1,1,2,1,2,2,NA,5,5,5,5,5,5,5,6,4,5,6,4,5,4,4,5,1,1,3,4,6,6,6,6,1,6,"jeg  69år   ikke alle spørsmål er relevante",6,5,1,5,1,5,"Jeg fik besked fra Aarhus   universitet   --men kunde ikke lokke ind",1.9,1.33333333333333,1.66666666666667,4,4,4,3.33333333333333,5,NA
"62",1329,2020-06-10 13:45:59,"DA",32,"Female","College degree, bachelor, master","Some College or equivalent","Part time employed","Denmark","no","Kobenhavn","Single",0,"No","Life carries on with minor changes",NA,NA,"Program A",NA,"Not sure",2,4,3,3,4,2,4,3,2,2,4,2,3,6,8,7,9,7,8,6,9,4,5,5,4,5,8,4,5,5,2,5,3,NA,NA,NA,NA,NA,NA,NA,NA,NA,NA,NA,NA,NA,NA,NA,NA,3,2,4,2,1,6,4,4,4,4,4,3,5,4,5,2,3,99,5,2,3,1,99,99,6,2,4,3,5,1,3,2,4,2,3,2,3,5,6,NA,5,4,3,5,6,6,6,6,4,5,4,2,4,3,3,5,1,1,6,2,5,4,5,5,1,3,NA,4,4,5,5,5,3,NA,2.5,3,2.66666666666667,1.33333333333333,4,3.33333333333333,4.33333333333333,5,NA
"63",1142,2020-06-10 12:21:47,"IT",42,"Female","College degree, bachelor, master","Up to 12 years of school","Self-employed","Italy","yes","Varese","Divorced/widowed",0,"Yes","Life carries on with minor changes",NA,NA,"Program A",NA,"No",2,3,3,4,4,3,2,4,3,2,2,3,3,3,7,5,7,5,8,6,9,5,6,5,5,5,5,6,6,5,4,6,6,NA,NA,NA,NA,NA,NA,NA,NA,NA,NA,NA,NA,NA,NA,NA,NA,4,3,5,6,4,3,5,6,5,6,2,4,4,4,5,6,6,99,3,2,2,99,2,99,6,3,5,2,5,99,5,2,5,1,5,4,2,4,6,NA,6,6,4,6,5,6,6,6,6,6,3,5,NA,3,5,NA,1,2,5,3,3,2,5,6,4,2,NA,2,4,5,6,5,5,"I racconti della mia cugina che lavora al ospedale",2.6,2.66666666666667,3,4.66666666666667,5.33333333333333,2.33333333333333,4,5.7,NA
"64",823,2020-06-11 11:13:04,"SAR",30,"Female",NA,NA,NA,NA,NA,NA,NA,NA,NA,"Life carries on with minor changes",NA,NA,NA,"Program C","No",NA,NA,NA,NA,NA,NA,NA,NA,NA,NA,NA,NA,NA,NA,NA,NA,NA,NA,NA,NA,NA,NA,NA,NA,NA,NA,NA,NA,NA,NA,NA,NA,NA,NA,NA,NA,NA,NA,NA,NA,NA,NA,NA,NA,NA,NA,NA,NA,NA,NA,NA,NA,NA,NA,NA,NA,NA,NA,NA,NA,NA,NA,NA,NA,NA,NA,NA,NA,NA,NA,NA,NA,NA,NA,NA,NA,NA,NA,NA,NA,NA,NA,NA,NA,NA,NA,NA,NA,NA,NA,NA,NA,NA,NA,NA,NA,NA,NA,NA,NA,NA,NA,NA,NA,NA,NA,NA,NA,NA,NA,NA,NA,NA,NA,NA,NA,NA,NA,NA,NA,NA,NA,NA,NA,NA,NA,NA,NA,NA,NA,NA,NA
"65",862,2020-06-11 08:59:39,"FR",55,"Female","College degree, bachelor, master","Up to 9 years of school","Self-employed","France","no","Paris","Divorced/widowed",4,"Not sure","Life carries on as usual",0,0,NA,"Program C","No",3,2,4,5,4,5,5,4,3,2,4,4,4,5,10,0,0,0,0,0,0,1,1,1,1,1,10,1,6,1,6,1,1,NA,NA,NA,NA,NA,NA,NA,NA,NA,NA,NA,NA,NA,NA,NA,NA,6,4,4,6,2,6,6,6,6,1,6,6,6,4,6,6,3,6,4,1,6,1,1,1,6,6,1,1,1,1,1,1,1,1,4,1,6,6,6,NA,6,6,5,6,1,6,1,6,5,6,1,6,4,6,4,1,1,1,1,6,6,1,6,1,1,1,NA,1,6,6,5,1,4,"La crise économique",2.5,4,4.33333333333333,3,6,6,5,4.8,NA
"66",1040,2020-06-10 08:36:30,"FR",18,"Female","Up to 12 years of school","College degree","Student","France","no","Corse","Single",0,"Yes","Life carries on with minor changes",3,0,NA,"Program D","No",1,3,3,1,2,4,1,4,3,3,1,2,2,6,9,0,3,4,5,5,0,5,6,3,6,6,0,5,6,6,1,6,2,NA,NA,NA,NA,NA,NA,NA,NA,NA,NA,NA,NA,NA,NA,NA,NA,3,6,4,3,1,5,2,4,3,2,2,4,5,5,4,3,4,99,1,1,3,1,2,99,5,3,1,1,1,5,6,1,1,1,2,2,2,2,2,NA,5,4,2,3,4,2,3,3,1,5,4,3,2,3,4,5,6,6,5,1,3,4,1,4,1,4,NA,3,3,3,3,3,1,NA,3.3,1.66666666666667,4,2,3,3.66666666666667,3.66666666666667,3.2,NA
"67",168,2020-06-11 08:14:56,"SME",36,"Female","College degree, bachelor, master","Up to 6 years of school","Part time employed","Mexico","no","Ciudad de México","Married/cohabiting",2,"Yes","Isolated",4,1,"Program B",NA,NA,NA,NA,NA,NA,NA,NA,NA,NA,NA,NA,NA,NA,NA,NA,NA,NA,NA,NA,NA,NA,NA,NA,NA,NA,NA,NA,NA,NA,NA,NA,NA,NA,NA,NA,NA,NA,NA,NA,NA,NA,NA,NA,NA,NA,NA,NA,NA,NA,NA,NA,NA,NA,NA,NA,NA,NA,NA,NA,NA,NA,NA,NA,NA,NA,NA,NA,NA,NA,NA,NA,NA,NA,NA,NA,NA,NA,NA,NA,NA,NA,NA,NA,NA,NA,NA,NA,NA,NA,NA,NA,NA,NA,NA,NA,NA,NA,NA,NA,NA,NA,NA,NA,NA,NA,NA,NA,NA,NA,NA,NA,NA,NA,NA,NA,NA,NA,NA,NA,NA,NA,NA,NA,NA,NA,NA,NA,NA,NA,NA,NA,NA,NA
"68",943,2020-06-10 06:44:13,"DA",45,"Female","Some College, short continuing education or equivalent","Some College or equivalent","Student","Denmark","yes","Lemvig","Married/cohabiting",3,"No","Life carries on with minor changes",NA,NA,NA,"Program C","No",3,3,2,4,4,1,4,4,3,1,2,1,1,10,10,9,9,9,9,10,10,4,5,5,5,5,6,5,5,5,3,5,1,NA,NA,NA,NA,NA,NA,NA,NA,NA,NA,NA,NA,NA,NA,NA,NA,3,3,4,5,5,2,5,5,4,3,5,4,5,2,5,2,2,2,4,3,2,99,2,99,4,4,4,NA,4,5,5,2,4,2,3,3,2,3,2,NA,5,5,5,5,5,5,5,5,5,5,5,5,5,5,5,2,1,1,5,5,4,4,5,5,1,5,NA,3,5,5,5,2,5,NA,2.1,1.33333333333333,3,5,4.66666666666667,4.33333333333333,5,5,NA
"69",108,2020-06-11 04:01:58,"DA",32,"Male","College degree, bachelor, master","Some College or equivalent","Full time employed","Denmark","yes",NA,NA,NA,NA,NA,NA,NA,NA,NA,NA,NA,NA,NA,NA,NA,NA,NA,NA,NA,NA,NA,NA,NA,NA,NA,NA,NA,NA,NA,NA,NA,NA,NA,NA,NA,NA,NA,NA,NA,NA,NA,NA,NA,NA,NA,NA,NA,NA,NA,NA,NA,NA,NA,NA,NA,NA,NA,NA,NA,NA,NA,NA,NA,NA,NA,NA,NA,NA,NA,NA,NA,NA,NA,NA,NA,NA,NA,NA,NA,NA,NA,NA,NA,NA,NA,NA,NA,NA,NA,NA,NA,NA,NA,NA,NA,NA,NA,NA,NA,NA,NA,NA,NA,NA,NA,NA,NA,NA,NA,NA,NA,NA,NA,NA,NA,NA,NA,NA,NA,NA,NA,NA,NA,NA,NA,NA,NA,NA,NA,NA,NA,NA,NA,NA,NA,NA,NA,NA,NA,NA,NA,NA
"70",1313,2020-06-10 02:58:39,"PL",53,"Female","Some College, short continuing education or equivalent","PhD/Doctorate","Full time employed","Poland","no","Mazowieckie","Married/cohabiting",1,"Yes",NA,2,0,"Program B",NA,"No",3,2,3,4,4,2,5,4,3,2,3,1,2,5,8,2,4,4,5,7,3,5,5,5,5,5,2,5,6,5,2,3,5,NA,NA,NA,NA,NA,NA,NA,NA,NA,NA,NA,NA,NA,NA,NA,NA,3,6,5,6,6,4,5,6,6,4,4,5,6,5,6,2,2,1,3,3,3,1,1,1,3,3,4,4,4,2,2,1,1,2,1,2,1,1,2,NA,6,5,5,5,5,6,6,6,4,6,2,5,5,4,5,3,1,3,4,5,4,4,6,5,1,4,NA,4,5,5,5,2,4,NA,2.2,2,3.66666666666667,5,5.66666666666667,4,4.66666666666667,5.4,NA
"71",145,2020-06-10 19:33:36,"KO",50,"Female",NA,NA,NA,NA,NA,NA,NA,NA,NA,NA,NA,NA,NA,NA,NA,NA,NA,NA,NA,NA,NA,NA,NA,NA,NA,NA,NA,NA,NA,NA,NA,NA,NA,NA,NA,NA,NA,NA,NA,NA,NA,NA,NA,NA,NA,NA,NA,NA,NA,NA,NA,NA,NA,NA,NA,NA,NA,NA,NA,NA,NA,NA,NA,NA,NA,NA,NA,NA,NA,NA,NA,NA,NA,NA,NA,NA,NA,NA,NA,NA,NA,NA,NA,NA,NA,NA,NA,NA,NA,NA,NA,NA,NA,NA,NA,NA,NA,NA,NA,NA,NA,NA,NA,NA,NA,NA,NA,NA,NA,NA,NA,NA,NA,NA,NA,NA,NA,NA,NA,NA,NA,NA,NA,NA,NA,NA,NA,NA,NA,NA,NA,NA,NA,NA,NA,NA,NA,NA,NA,NA,NA,NA,NA,NA,NA,NA,NA
"72",1266,2020-06-09 13:51:11,"SME",20,"Female","College degree, bachelor, master","Up to 12 years of school","Student","Mexico","no","Veracruz","Single",0,"Yes","Isolated",1,0,"Program B",NA,"No",5,5,5,3,2,5,1,1,5,5,5,4,5,6,9,0,0,1,2,6,3,6,6,6,5,5,4,5,6,6,5,3,1,NA,NA,NA,NA,NA,NA,NA,NA,NA,NA,NA,NA,NA,NA,NA,NA,3,2,6,6,6,2,6,6,6,1,6,5,3,1,5,4,6,5,6,6,5,1,4,2,5,3,6,6,6,5,6,2,6,6,5,4,4,6,3,NA,4,5,1,5,3,4,5,5,4,4,3,1,4,4,3,6,6,6,6,3,4,2,5,4,3,6,NA,2,3,3,4,3,3,"Me siento depresiva, sin ganas de nada.",4.7,4.66666666666667,2,5.66666666666667,6,5.66666666666667,4.66666666666667,4,NA
"73",777,2020-06-09 12:14:01,"SME",21,"Male","College degree, bachelor, master","None","Student","Mexico","no","tabasco","Single",0,"Yes","Life carries on as usual",0,0,NA,"Program D","No",2,1,2,5,4,1,5,4,2,1,2,2,2,0,1,1,NA,1,2,0,NA,4,4,4,1,1,0,5,3,5,3,2,3,NA,NA,NA,NA,NA,NA,NA,NA,NA,NA,NA,NA,NA,NA,NA,NA,2,5,2,5,5,5,5,5,5,2,5,5,2,1,5,3,2,1,1,1,2,1,1,1,2,1,1,1,1,1,2,3,1,1,2,2,1,6,1,NA,5,3,4,4,3,5,3,3,3,5,1,1,1,1,2,1,1,NA,1,1,1,1,1,2,2,1,NA,2,2,3,1,3,2,NA,1.5,2,4,4,5,5,4.33333333333333,3.8,NA
"74",5109,2020-06-09 11:30:42,"EN",35,"Female","PhD/Doctorate","College degree","Full time employed","Canada","no","Ontario","Married/cohabiting",0,"Yes","Isolated",1,0,"Program A",NA,"No",5,4,5,3,4,3,3,3,5,5,1,3,3,6,9,9,1,9,9,5,10,2,4,2,5,6,5,5,5,6,1,3,5,NA,NA,NA,NA,NA,NA,NA,NA,NA,NA,NA,NA,NA,NA,NA,NA,6,6,6,6,6,6,6,6,6,2,5,5,5,2,5,1,2,99,6,4,5,99,1,99,5,4,4,5,4,99,3,3,5,5,2,1,1,99,4,NA,6,6,6,6,6,6,6,6,6,6,4,4,5,2,4,3,5,6,4,4,5,6,6,5,3,6,NA,5,5,5,5,5,3,NA,3.8,2.33333333333333,4.33333333333333,4.33333333333333,6,5,5,6,NA
"75",1476,2020-06-10 09:57:29,"SME",34,"Female","College degree, bachelor, master","Up to 9 years of school","Full time employed","Mexico","no","mexico","Married/cohabiting",2,"Yes","Life carries on with minor changes",5,1,"Program A",NA,"No",3,5,3,4,4,1,4,4,1,1,1,1,2,6,9,6,6,4,5,6,6,5,5,5,5,5,5,6,6,6,3,4,2,NA,NA,NA,NA,NA,NA,NA,NA,NA,NA,NA,NA,NA,NA,NA,NA,4,2,5,2,3,5,5,6,4,1,2,5,6,1,6,NA,NA,NA,NA,NA,NA,NA,NA,NA,NA,NA,NA,NA,NA,NA,NA,NA,NA,NA,NA,NA,NA,NA,NA,NA,NA,NA,NA,NA,NA,NA,NA,NA,NA,NA,NA,NA,NA,NA,NA,NA,NA,NA,NA,NA,NA,NA,NA,NA,NA,NA,NA,NA,NA,NA,NA,NA,NA,NA,2.2,1.33333333333333,2.66666666666667,2.33333333333333,5,4.33333333333333,6,NA,NA
"76",754,2020-06-09 04:57:06,"FI",37,"Female","Up to 6 years of school","College degree","Full time employed","Finland","no",NA,"Married/cohabiting",4,"Yes","Life carries on with minor changes",NA,NA,"Program A",NA,"No",2,2,2,2,3,2,3,3,2,3,3,4,3,9,NA,7,10,8,9,8,8,5,6,4,4,4,5,5,5,5,4,4,5,NA,NA,NA,NA,NA,NA,NA,NA,NA,NA,NA,NA,NA,NA,NA,NA,4,4,6,5,5,4,4,4,4,2,5,5,4,5,4,4,2,5,99,1,4,6,2,3,4,4,5,5,5,99,3,3,99,4,3,2,99,99,99,NA,6,5,6,6,6,5,6,6,4,6,5,6,5,6,4,5,1,1,2,3,4,4,4,4,6,5,NA,2,6,1,5,6,4,NA,2.6,3.33333333333333,3,4.33333333333333,4,5,3.33333333333333,5.6,NA
"77",445,2020-06-09 04:47:58,"EN",18,"Female","Up to 12 years of school","College degree","Student","Philippines","no","Pasig","Single",0,"Yes","Life carries on with minor changes",2,0,"Program A",NA,"No",4,4,5,2,2,4,3,3,4,4,3,3,1,5,9,1,1,1,3,1,1,4,5,5,5,5,4,5,5,5,1,5,4,NA,NA,NA,NA,NA,NA,NA,NA,NA,NA,NA,NA,NA,NA,NA,NA,5,5,5,6,4,4,5,5,5,3,5,5,4,4,5,99,5,99,5,5,5,1,5,99,5,4,3,4,5,4,4,2,6,5,3,5,2,6,2,NA,4,2,4,5,3,4,4,5,3,5,4,5,5,2,5,4,5,4,6,3,3,2,5,5,3,2,NA,3,5,3,5,5,1,NA,3.9,2.33333333333333,4,4.33333333333333,5,4.66666666666667,4,3.9,NA
"78",2790,2020-06-09 03:43:03,"IT",54,"Female","College degree, bachelor, master","Up to 12 years of school","Self-employed","Italy","yes","Toscana","Married/cohabiting",0,"Yes","Life carries on with minor changes",NA,NA,NA,"Program D","No",1,1,5,4,2,4,4,3,4,4,4,2,4,5,8,7,7,7,5,5,7,5,5,5,5,5,5,5,6,6,1,5,4,NA,NA,NA,NA,NA,NA,NA,NA,NA,NA,NA,NA,NA,NA,NA,NA,4,3,5,4,4,4,4,5,3,1,5,5,4,2,5,6,6,99,6,3,6,2,99,99,6,4,5,3,5,3,2,1,4,5,1,3,1,5,6,NA,5,5,5,5,5,5,5,5,4,5,5,6,6,6,6,4,1,1,2,4,2,3,5,6,2,5,NA,5,5,5,5,5,5,"Sono tornata a praticare in Tai Chi Chuan regolarmente grazie alle lezioni e gli incontri in streaming. Mi ha dato benessere e tranquillità per affrontare meglio una situazione difficile da gestire e con così tante incertezze.",3,3.33333333333333,3,3.66666666666667,4,5.33333333333333,4.66666666666667,4.9,NA
"79",1008,2020-06-09 22:28:50,"SME",45,"Female","Some College, short continuing education or equivalent","Up to 9 years of school","Not employed","Mexico","no","Ciudad  de Mexico","Married/cohabiting",3,"Yes","Isolated",2,1,"Program A",NA,"No",4,1,5,5,3,2,5,2,5,5,5,5,5,3,5,0,2,0,1,1,0,4,6,4,5,4,1,6,6,6,3,3,2,NA,NA,NA,NA,NA,NA,NA,NA,NA,NA,NA,NA,NA,NA,NA,NA,4,1,6,6,5,2,4,5,5,1,6,6,6,1,6,NA,NA,NA,NA,NA,NA,NA,NA,NA,NA,NA,NA,NA,NA,NA,NA,NA,NA,NA,NA,NA,NA,NA,NA,NA,NA,NA,NA,NA,NA,NA,NA,NA,NA,NA,NA,NA,NA,NA,NA,NA,NA,NA,NA,NA,NA,NA,NA,NA,NA,NA,NA,NA,NA,NA,NA,NA,NA,NA,3.1,5,2,5.33333333333333,4.66666666666667,6,6,NA,NA
"80",42619,2020-06-10 10:01:13,"SME",40,"Female","PhD/Doctorate","Some College or equivalent","Full time employed","Mexico","no","Ciudad  de México","Married/cohabiting",0,"Yes","Life carries on with minor changes",1,0,NA,"Program C","No",3,1,4,5,4,2,4,4,5,2,1,1,2,9,9,4,3,3,4,9,2,6,6,6,6,6,4,NA,NA,NA,NA,NA,NA,NA,NA,NA,NA,NA,NA,NA,NA,NA,NA,NA,NA,NA,NA,NA,NA,NA,NA,NA,NA,NA,NA,NA,NA,NA,NA,NA,NA,NA,NA,NA,NA,NA,NA,NA,NA,NA,NA,NA,NA,NA,NA,NA,NA,NA,NA,NA,NA,NA,NA,NA,NA,NA,NA,NA,NA,NA,NA,NA,NA,NA,NA,NA,NA,NA,NA,NA,NA,NA,NA,NA,NA,NA,NA,NA,NA,NA,NA,NA,NA,NA,NA,NA,NA,NA,NA,NA,NA,NA,NA,2.4,1.33333333333333,NA,NA,NA,NA,NA,NA,NA
"81",192,2020-06-09 21:43:21,"EN",29,"Female","College degree, bachelor, master","Up to 9 years of school","Full time employed","Australia","no",NA,"Single",0,"Yes","Life carries on with minor changes",5,0,"Program A",NA,NA,NA,NA,NA,NA,NA,NA,NA,NA,NA,NA,NA,NA,NA,NA,NA,NA,NA,NA,NA,NA,NA,NA,NA,NA,NA,NA,NA,NA,NA,NA,NA,NA,NA,NA,NA,NA,NA,NA,NA,NA,NA,NA,NA,NA,NA,NA,NA,NA,NA,NA,NA,NA,NA,NA,NA,NA,NA,NA,NA,NA,NA,NA,NA,NA,NA,NA,NA,NA,NA,NA,NA,NA,NA,NA,NA,NA,NA,NA,NA,NA,NA,NA,NA,NA,NA,NA,NA,NA,NA,NA,NA,NA,NA,NA,NA,NA,NA,NA,NA,NA,NA,NA,NA,NA,NA,NA,NA,NA,NA,NA,NA,NA,NA,NA,NA,NA,NA,NA,NA,NA,NA,NA,NA,NA,NA,NA,NA,NA,NA,NA,NA,NA
"82",140,2020-06-09 20:26:14,"EN",26,"Female","PhD/Doctorate","Some College or equivalent","Full time employed","New Zealand","yes",NA,"Married/cohabiting",0,"No","Life carries on as usual",5,0,"Program A",NA,NA,NA,NA,NA,NA,NA,NA,NA,NA,NA,NA,NA,NA,NA,NA,NA,NA,NA,NA,NA,NA,NA,NA,NA,NA,NA,NA,NA,NA,NA,NA,NA,NA,NA,NA,NA,NA,NA,NA,NA,NA,NA,NA,NA,NA,NA,NA,NA,NA,NA,NA,NA,NA,NA,NA,NA,NA,NA,NA,NA,NA,NA,NA,NA,NA,NA,NA,NA,NA,NA,NA,NA,NA,NA,NA,NA,NA,NA,NA,NA,NA,NA,NA,NA,NA,NA,NA,NA,NA,NA,NA,NA,NA,NA,NA,NA,NA,NA,NA,NA,NA,NA,NA,NA,NA,NA,NA,NA,NA,NA,NA,NA,NA,NA,NA,NA,NA,NA,NA,NA,NA,NA,NA,NA,NA,NA,NA,NA,NA,NA,NA,NA,NA
"83",834,2020-06-08 19:48:41,"PT-BR",36,"Female","College degree, bachelor, master","College degree","Self-employed","Brazil","no","São Paulo","Married/cohabiting",1,"Yes","Isolated",2,1,NA,"Program D","No",2,4,4,3,3,4,3,3,4,2,3,2,3,6,8,1,5,6,6,6,1,5,5,5,5,5,3,5,5,5,3,3,2,NA,NA,NA,NA,NA,NA,NA,NA,NA,NA,NA,NA,NA,NA,NA,NA,4,3,4,5,5,3,5,5,4,2,5,5,4,2,5,5,4,99,5,2,5,2,5,4,5,5,6,6,5,3,4,5,4,3,5,5,3,5,3,NA,5,4,4,4,4,5,4,5,5,5,3,4,5,2,5,3,1,1,4,5,3,5,6,4,5,5,NA,6,4,6,5,4,2,NA,3.2,2.66666666666667,3.33333333333333,4.66666666666667,4.66666666666667,5,4.66666666666667,4.5,NA
"84",1013,2020-06-08 18:03:54,"EN",35,"Male","College degree, bachelor, master","Up to 12 years of school","Not employed","Bosnia and Herzegovina","no","Federacija BiH","Married/cohabiting",3,"No","Life carries on with minor changes",1,2,"Program B",NA,"Not sure",3,4,4,3,2,4,4,3,4,4,4,4,4,8,8,0,2,2,2,2,1,2,4,2,1,1,4,5,5,3,2,2,4,"Yes","Yes, as a civilian",NA,"No","No","Spent the total period of war in Bosnia and Herzegovina",NA,2,1,1,1,"no","no","no","yes","yes",4,4,4,5,5,2,6,6,6,1,3,5,5,2,4,5,2,6,6,2,4,1,4,5,2,5,3,2,2,5,5,2,6,4,2,2,2,2,2,NA,4,5,2,1,4,3,4,4,4,4,2,4,5,5,4,4,5,5,6,2,1,2,2,3,2,2,NA,1,1,1,2,1,3,"More suicidal thoughts but not related to the Coronavirus itself...",3.5,4,3.66666666666667,5,6,4.66666666666667,4.66666666666667,3.5,1.25
"85",1018,2020-06-08 17:27:58,"SME",24,"Female","College degree, bachelor, master","Up to 9 years of school","Student","Mexico","no","Jalisco","Single",0,"Yes","Isolated",3,0,"Program B",NA,"No",4,4,4,2,2,4,4,2,4,4,3,4,5,8,8,0,3,3,7,8,0,5,5,5,5,6,0,5,5,5,4,5,3,NA,NA,NA,NA,NA,NA,NA,NA,NA,NA,NA,NA,NA,NA,NA,NA,5,6,5,1,3,6,5,5,4,4,4,3,6,3,3,2,3,99,6,4,3,6,6,99,6,3,5,6,5,5,99,6,6,6,99,5,3,5,99,NA,2,3,2,4,2,2,3,3,3,2,2,3,2,1,2,1,2,2,3,3,3,6,1,5,1,2,NA,NA,NA,NA,NA,NA,NA,NA,3.8,4,4.33333333333333,1.66666666666667,4.66666666666667,3.33333333333333,4.33333333333333,2.6,NA
"86",505,2020-06-09 14:56:14,"SME",52,"Female","College degree, bachelor, master","Up to 6 years of school","Self-employed","Mexico","no","Edo.mex","Single",1,"Yes","Isolated",0,1,"Program A",NA,"Yes",2,3,3,4,4,3,3,2,3,3,NA,2,3,NA,NA,NA,NA,NA,NA,NA,NA,NA,NA,NA,NA,NA,NA,NA,NA,NA,NA,NA,NA,NA,NA,NA,NA,NA,NA,NA,NA,NA,NA,NA,NA,NA,NA,NA,NA,NA,NA,NA,NA,NA,NA,NA,NA,NA,NA,NA,NA,NA,NA,NA,NA,NA,NA,NA,NA,NA,NA,NA,NA,NA,NA,NA,NA,NA,NA,NA,NA,NA,NA,NA,NA,NA,NA,NA,NA,NA,NA,NA,NA,NA,NA,NA,NA,NA,NA,NA,NA,NA,NA,NA,NA,NA,NA,NA,NA,NA,NA,NA,NA,NA,NA,NA,NA,NA,NA,NA,NA,NA,NA,2.8,2.5,NA,NA,NA,NA,NA,NA,NA
"87",1168,2020-06-08 05:39:38,"DE",29,"Male","PhD/Doctorate","College degree","Full time employed","Germany","no","Bavaria","Single",0,"No","Life carries on with minor changes",NA,NA,NA,"Program D","No",1,2,4,3,3,3,4,3,5,2,4,2,4,3,9,4,9,7,6,5,6,1,2,2,5,6,7,5,4,5,3,3,1,NA,NA,NA,NA,NA,NA,NA,NA,NA,NA,NA,NA,NA,NA,NA,NA,2,1,6,6,5,1,5,4,6,3,4,5,5,2,5,1,1,99,1,1,6,99,99,99,2,1,2,2,1,2,2,1,3,2,1,2,2,3,5,NA,6,5,5,4,6,5,6,6,5,6,2,5,4,3,2,1,2,2,2,4,1,2,4,4,1,2,NA,2,1,2,2,1,2,NA,2.8,3.33333333333333,1.33333333333333,5.66666666666667,5,4.33333333333333,5,5.4,NA
"88",889,2020-06-08 05:02:27,"FI",55,"Female","Up to 12 years of school","None","Not employed","Finland","no","Keski-Suomi","Married/cohabiting",0,"Not sure","Life carries on with minor changes",1,0,NA,"Program C","No",2,2,4,4,2,3,4,4,1,2,3,3,4,5,8,8,8,7,8,6,10,2,4,3,5,5,5,6,6,6,3,5,4,NA,NA,NA,NA,NA,NA,NA,NA,NA,NA,NA,NA,NA,NA,NA,NA,4,2,4,6,5,2,4,4,3,1,6,5,4,4,4,1,99,99,1,1,3,3,1,4,4,1,4,2,4,99,2,1,2,2,1,1,1,1,1,NA,5,5,5,5,5,5,5,5,4,4,6,5,5,1,2,6,1,1,6,6,3,4,2,4,6,6,NA,5,5,2,3,2,5,NA,2.4,3.33333333333333,3,5.33333333333333,3.66666666666667,5.66666666666667,3.66666666666667,4.8,NA
"89",882,2020-06-08 04:52:46,"SV",22,"Male","Some College, short continuing education or equivalent","College degree","Student","Sweden","no","Nybro","Married/cohabiting",0,"No","Life carries on with minor changes",4,0,"Program B",NA,"No",1,3,2,4,5,2,5,4,1,1,2,1,1,7,10,10,9,9,10,10,10,1,1,1,2,4,5,5,4,3,3,3,2,NA,NA,NA,NA,NA,NA,NA,NA,NA,NA,NA,NA,NA,NA,NA,NA,2,3,6,5,6,1,5,6,5,1,5,6,5,2,4,2,1,1,2,1,1,2,1,1,2,1,1,1,2,1,1,1,1,1,1,1,1,3,1,NA,6,6,6,6,6,6,6,6,6,6,3,2,2,1,2,5,3,1,2,3,1,3,5,5,3,4,NA,3,3,1,1,NA,3,"Det som påverkar mig mest är folk som går till hård attack mot Folkhälsomyndigheten och regeringen som inte förstår komplexiteten på en så stor och svår fråga som det här faktiskt är. Det gör att jag blir lite smått orolig för den politiska utvecklingen och gör att jag blir orolig över en viss typ av nyhetsuppdatering, så som Aftonbladet, där nyheterna riktar sig mot irrelevanta saker som söker läsare. Jag blir orolig över att folk blir för trångsynta och inte förstår komplexiteten och därmed tappar förtroende både för de folkvalda och för myndigheterna.",1.6,1.33333333333333,2,5.66666666666667,5.33333333333333,5.66666666666667,4.66666666666667,6,NA
"90",1854,2020-06-08 00:35:33,"FI",47,"Female","Some College, short continuing education or equivalent","Up to 9 years of school","Not employed","Finland","no","Pirkanmaa","Married/cohabiting",0,"No","Life carries on with minor changes",NA,NA,NA,"Program C","No",3,3,4,4,2,4,4,2,2,3,3,2,3,7,8,8,7,7,8,5,8,3,3,3,3,3,5,6,5,4,5,5,2,NA,NA,NA,NA,NA,NA,NA,NA,NA,NA,NA,NA,NA,NA,NA,NA,4,4,4,4,3,2,5,5,6,4,4,4,4,5,3,4,4,99,4,2,5,2,4,99,3,2,2,2,3,2,2,4,3,3,2,2,2,4,2,NA,4,5,4,3,5,4,4,5,2,4,4,5,5,3,4,5,2,2,5,2,2,2,2,4,3,4,"Luonnossa liikkuminen ja retkeily",5,4,2,4,5,4,"Harrastuksen parissa saatujen sosiaalisten kontaktien loppuminen on lisännyt stressiä ja pahoinvointia. Fyysisen läheisyyden puute on huonontanut elämän laatua ja vaikuttanut terveydentilaan negatiivisesti.",3.1,2.66666666666667,3.66666666666667,4,5.33333333333333,3.66666666666667,3,4,NA
"91",332,2020-06-08 20:04:59,"SAR",58,"Female","Some College, short continuing education or equivalent","Some College or equivalent","Retired","Argentina","no","Buenos Aires","Other or would rather not say",3,"No",NA,5,1,"Program A",NA,"No",1,NA,NA,NA,NA,3,NA,NA,NA,NA,NA,NA,NA,NA,NA,NA,NA,NA,NA,NA,NA,NA,NA,NA,NA,NA,NA,NA,NA,NA,NA,NA,NA,NA,NA,NA,NA,NA,NA,NA,NA,NA,NA,NA,NA,NA,NA,NA,NA,NA,NA,NA,NA,NA,NA,NA,NA,NA,NA,NA,NA,NA,NA,NA,NA,NA,NA,NA,NA,NA,NA,NA,NA,NA,NA,NA,NA,NA,NA,NA,NA,NA,NA,NA,NA,NA,NA,NA,NA,NA,NA,NA,NA,NA,NA,NA,NA,NA,NA,NA,NA,NA,NA,NA,NA,NA,NA,NA,NA,NA,NA,NA,NA,NA,NA,NA,NA,NA,NA,NA,NA,NA,NA,2,NA,NA,NA,NA,NA,NA,NA,NA
"92",222,2020-06-08 19:59:14,"SAR",56,"Female","College degree, bachelor, master","College degree","Not employed","Argentina","no","Caba","Married/cohabiting",1,"Yes","Life carries on with minor changes",3,0,NA,NA,NA,NA,NA,NA,NA,NA,NA,NA,NA,NA,NA,NA,NA,NA,NA,NA,NA,NA,NA,NA,NA,NA,NA,NA,NA,NA,NA,NA,NA,NA,NA,NA,NA,NA,NA,NA,NA,NA,NA,NA,NA,NA,NA,NA,NA,NA,NA,NA,NA,NA,NA,NA,NA,NA,NA,NA,NA,NA,NA,NA,NA,NA,NA,NA,NA,NA,NA,NA,NA,NA,NA,NA,NA,NA,NA,NA,NA,NA,NA,NA,NA,NA,NA,NA,NA,NA,NA,NA,NA,NA,NA,NA,NA,NA,NA,NA,NA,NA,NA,NA,NA,NA,NA,NA,NA,NA,NA,NA,NA,NA,NA,NA,NA,NA,NA,NA,NA,NA,NA,NA,NA,NA,NA,NA,NA,NA,NA,NA,NA,NA,NA,NA,NA
"93",1917,2020-06-07 20:05:27,"SAR",45,"Male","Up to 12 years of school","Up to 6 years of school","Full time employed","Argentina","yes","Buenos aires",NA,1,"Yes","Life carries on with minor changes",0,2,"Program A",NA,"No",1,1,1,NA,4,1,5,4,1,2,1,1,3,NA,NA,NA,NA,NA,NA,NA,0,1,1,1,1,1,10,6,2,6,1,3,1,NA,NA,NA,NA,NA,NA,NA,NA,NA,NA,NA,NA,NA,NA,NA,NA,5,1,4,4,3,4,4,5,4,1,5,5,1,1,4,1,5,5,1,5,3,1,5,1,1,4,1,1,1,3,1,1,1,1,1,1,6,1,1,"No estoy angustiado,si enojado y concidero a esta encuesta muy pobre",1,4,1,5,1,3,1,2,2,1,2,4,2,4,3,3,1,1,3,4,2,1,4,4,2,2,"Me incomoda el miedo que se apoderó de la mayoría",3,4,4,3,4,1,"A mi vida no la afectó el coronavirus,la afectó El comportamiento general de las personas y su miedo a la muerte,no significa que yo no lo tenga,pero logré concientizar hace tiempo que soy mortal,hasta que esto ocurrió solo era algo que sabía ,nada más.",1.33333333333333,1.66666666666667,3,3.33333333333333,4.33333333333333,5.33333333333333,3.66666666666667,2.1,NA
"94",252,2020-06-08 19:23:04,"SAR",27,"Female","Some College, short continuing education or equivalent","College degree","Not employed","Argentina","no","Buenos Aires","Married/cohabiting",1,"Yes","Isolated",1,1,NA,"Program C",NA,NA,NA,NA,NA,NA,NA,NA,NA,NA,NA,NA,NA,NA,NA,NA,NA,NA,NA,NA,NA,NA,NA,NA,NA,NA,NA,NA,NA,NA,NA,NA,NA,NA,NA,NA,NA,NA,NA,NA,NA,NA,NA,NA,NA,NA,NA,NA,NA,NA,NA,NA,NA,NA,NA,NA,NA,NA,NA,NA,NA,NA,NA,NA,NA,NA,NA,NA,NA,NA,NA,NA,NA,NA,NA,NA,NA,NA,NA,NA,NA,NA,NA,NA,NA,NA,NA,NA,NA,NA,NA,NA,NA,NA,NA,NA,NA,NA,NA,NA,NA,NA,NA,NA,NA,NA,NA,NA,NA,NA,NA,NA,NA,NA,NA,NA,NA,NA,NA,NA,NA,NA,NA,NA,NA,NA,NA,NA,NA,NA,NA,NA,NA
"95",422,2020-06-08 18:30:01,"SAR",42,"Female","Up to 12 years of school","None","Student","Argentina","no","Buenos Aires","Married/cohabiting",4,"Yes","Life carries on with minor changes",NA,NA,NA,NA,NA,3,3,5,4,2,4,5,3,5,4,4,4,1,NA,NA,NA,NA,NA,NA,NA,NA,NA,NA,NA,NA,NA,NA,NA,NA,NA,NA,NA,NA,NA,NA,NA,NA,NA,NA,NA,NA,NA,NA,NA,NA,NA,NA,NA,NA,NA,NA,NA,NA,NA,NA,NA,NA,NA,NA,NA,NA,NA,NA,NA,NA,NA,NA,NA,NA,NA,NA,NA,NA,NA,NA,NA,NA,NA,NA,NA,NA,NA,NA,NA,NA,NA,NA,NA,NA,NA,NA,NA,NA,NA,NA,NA,NA,NA,NA,NA,NA,NA,NA,NA,NA,NA,NA,NA,NA,NA,NA,NA,NA,NA,NA,NA,NA,NA,NA,NA,NA,NA,NA,3.4,3,NA,NA,NA,NA,NA,NA,NA
"96",598,2020-06-08 17:00:38,"SAR",49,"Male","Some College, short continuing education or equivalent","Up to 6 years of school","Full time employed","Argentina","no","Buenos Aires","Single",0,"Yes","Isolated",0,0,NA,"Program C","No",2,2,1,4,1,2,4,2,1,2,3,2,2,5,7,0,7,0,7,0,0,5,5,5,5,5,0,6,6,5,2,4,2,NA,NA,NA,NA,NA,NA,NA,NA,NA,NA,NA,NA,NA,NA,NA,NA,4,3,5,4,4,5,5,6,6,1,1,5,6,1,6,NA,NA,NA,NA,NA,NA,NA,NA,NA,NA,NA,NA,NA,NA,NA,NA,NA,NA,NA,NA,NA,NA,NA,NA,NA,NA,NA,NA,NA,NA,NA,NA,NA,NA,NA,NA,NA,NA,NA,NA,NA,NA,NA,NA,NA,NA,NA,NA,NA,NA,NA,NA,NA,NA,NA,NA,NA,NA,NA,2.3,2.33333333333333,3,3.33333333333333,5.66666666666667,4,6,NA,NA
"97",613,2020-06-08 17:00:46,"SAR",57,"Female","College degree, bachelor, master","Up to 6 years of school","Retired","Argentina","no","Buenos Aires","Married/cohabiting",1,"Yes","Isolated",2,0,"Program A",NA,"No",2,2,2,3,3,2,4,3,2,1,1,1,1,8,8,5,5,5,7,1,7,4,5,4,5,4,6,4,6,5,2,2,2,NA,NA,NA,NA,NA,NA,NA,NA,NA,NA,NA,NA,NA,NA,NA,NA,5,4,5,3,4,5,4,5,5,3,4,5,5,2,5,NA,NA,NA,NA,NA,NA,NA,NA,NA,NA,NA,NA,NA,NA,NA,NA,NA,NA,NA,NA,NA,NA,NA,NA,NA,NA,NA,NA,NA,NA,NA,NA,NA,NA,NA,NA,NA,NA,NA,NA,NA,NA,NA,NA,NA,NA,NA,NA,NA,NA,NA,NA,NA,NA,NA,NA,NA,NA,NA,2.2,1,3.66666666666667,3,4.66666666666667,4.33333333333333,5,NA,NA
"98",2891,2020-06-08 17:37:28,"SAR",60,"Female","Some College, short continuing education or equivalent","PhD/Doctorate","Not employed","Argentina","no","Buenos Aires","Single",0,"No","Isolated",1,0,"Program B",NA,"No",3,4,3,4,5,3,3,3,5,4,1,3,3,4,6,0,7,0,0,0,0,5,5,5,1,5,0,5,4,5,2,4,2,NA,NA,NA,NA,NA,NA,NA,NA,NA,NA,NA,NA,NA,NA,NA,NA,5,5,4,6,5,5,2,5,5,1,2,4,5,2,5,99,6,99,5,2,1,2,2,99,1,5,1,99,5,5,1,2,5,6,5,5,2,6,2,"Por la falta de futuro economico",5,3,5,5,5,5,5,5,5,5,1,5,5,5,5,4,1,5,5,5,5,2,5,5,5,1,NA,4,5,1,5,5,5,"El futuro economico",3.1,2.33333333333333,4.33333333333333,4.33333333333333,4,4,5,4.8,NA
"99",923,2020-06-08 16:47:32,"SAR",60,"Male","Up to 12 years of school","Up to 12 years of school","Self-employed","Argentina","no","Santa Fe","Single",1,"No","Isolated",1,0,NA,"Program D","No",1,1,3,2,3,3,4,4,2,2,3,3,1,5,5,3,2,1,4,0,4,2,2,3,2,2,5,5,5,4,5,5,1,NA,NA,NA,NA,NA,NA,NA,NA,NA,NA,NA,NA,NA,NA,NA,NA,2,3,5,6,5,6,5,6,6,1,5,5,5,3,5,NA,NA,NA,NA,NA,NA,NA,NA,NA,NA,NA,NA,NA,NA,NA,NA,NA,NA,NA,NA,NA,NA,NA,NA,NA,NA,NA,NA,NA,NA,NA,NA,NA,NA,NA,NA,NA,NA,NA,NA,NA,NA,NA,NA,NA,NA,NA,NA,NA,NA,NA,NA,NA,NA,NA,NA,NA,NA,NA,2.3,2.33333333333333,2.33333333333333,4,5.66666666666667,5.33333333333333,4.66666666666667,NA,NA
"100",128,2020-06-08 15:41:23,"SV",50,"Male","PhD/Doctorate","Up to 12 years of school","Full time employed","Sweden","yes","Halmstad","Married/cohabiting",0,"No","Life carries on as usual",NA,NA,NA,NA,NA,NA,NA,NA,NA,NA,NA,NA,NA,NA,NA,NA,NA,NA,NA,NA,NA,NA,NA,NA,NA,NA,NA,NA,NA,NA,NA,NA,NA,NA,NA,NA,NA,NA,NA,NA,NA,NA,NA,NA,NA,NA,NA,NA,NA,NA,NA,NA,NA,NA,NA,NA,NA,NA,NA,NA,NA,NA,NA,NA,NA,NA,NA,NA,NA,NA,NA,NA,NA,NA,NA,NA,NA,NA,NA,NA,NA,NA,NA,NA,NA,NA,NA,NA,NA,NA,NA,NA,NA,NA,NA,NA,NA,NA,NA,NA,NA,NA,NA,NA,NA,NA,NA,NA,NA,NA,NA,NA,NA,NA,NA,NA,NA,NA,NA,NA,NA,NA,NA,NA,NA,NA,NA,NA,NA,NA,NA,NA,NA,NA,NA,NA,NA